transaction_id,user_id,timestamp,amount,transaction_type,status
TX_10000,USR_1000,2026-02-15 08:00:00,80.44,Autosave Deposit,Completed
TX_10001,USR_1000,2026-02-16 06:00:00,10.78,Withdrawal,Completed
TX_10002,USR_1000,2026-02-16 23:00:00,73.21,Withdrawal,Completed
TX_10003,USR_1000,2026-02-15 12:00:00,131.84,Autosave Deposit,Completed
TX_10004,USR_1000,2026-02-16 17:00:00,81.63,Withdrawal,Completed
TX_10005,USR_1000,2026-02-16 09:00:00,156.15,Autosave Deposit,Completed
TX_10006,USR_1000,2026-02-16 00:00:00,193.0,Withdrawal,Completed
TX_10007,USR_1000,2026-02-16 10:00:00,230.44,Withdrawal,Completed
TX_10008,USR_1001,2026-01-14 02:00:00,36.85,Manual Deposit,Completed
TX_10009,USR_1001,2026-01-14 20:00:00,67.47,Autosave Deposit,Completed
TX_10010,USR_1001,2026-01-15 13:00:00,237.27,Autosave Deposit,Completed
TX_10011,USR_1001,2026-01-15 23:00:00,126.64,Autosave Deposit,Completed
TX_10012,USR_1001,2026-01-15 11:00:00,193.8,Autosave Deposit,Completed
TX_10013,USR_1001,2026-01-15 19:00:00,124.07,Withdrawal,Completed
TX_10014,USR_1001,2026-01-14 11:00:00,73.61,Withdrawal,Completed
TX_10015,USR_1001,2026-01-15 04:00:00,241.45,Withdrawal,Completed
TX_10016,USR_1001,2026-01-15 23:00:00,175.57,Withdrawal,Completed
TX_10017,USR_1001,2026-01-14 20:00:00,105.76,Withdrawal,Completed
TX_10018,USR_1002,2026-01-09 10:00:00,118.36,Autosave Deposit,Completed
TX_10019,USR_1002,2026-01-08 15:00:00,25.37,Autosave Deposit,Completed
TX_10020,USR_1002,2026-01-09 14:00:00,142.94,Withdrawal,Completed
TX_10021,USR_1002,2026-01-08 15:00:00,11.73,Withdrawal,Completed
TX_10022,USR_1002,2026-01-09 17:00:00,24.13,Autosave Deposit,Completed
TX_10023,USR_1002,2026-01-08 03:00:00,216.31,Autosave Deposit,Completed
TX_10024,USR_1002,2026-01-09 09:00:00,67.12,Withdrawal,Completed
TX_10025,USR_1002,2026-01-09 08:00:00,61.42,Autosave Deposit,Completed
TX_10026,USR_1002,2026-01-09 23:00:00,234.52,Withdrawal,Completed
TX_10027,USR_1002,2026-01-09 13:00:00,123.44,Manual Deposit,Completed
TX_10028,USR_1003,2026-02-24 07:00:00,33.26,Manual Deposit,Completed
TX_10029,USR_1003,2026-02-24 23:00:00,111.66,Manual Deposit,Completed
TX_10030,USR_1003,2026-02-25 23:00:00,23.0,Withdrawal,Completed
TX_10031,USR_1003,2026-02-25 18:00:00,33.62,Manual Deposit,Completed
TX_10032,USR_1003,2026-02-25 23:00:00,91.43,Autosave Deposit,Completed
TX_10033,USR_1003,2026-02-24 16:00:00,55.98,Withdrawal,Completed
TX_10034,USR_1004,2026-01-27 04:00:00,54.04,Manual Deposit,Completed
TX_10035,USR_1004,2026-01-26 16:00:00,219.88,Autosave Deposit,Completed
TX_10036,USR_1004,2026-01-27 05:00:00,203.93,Withdrawal,Completed
TX_10037,USR_1004,2026-01-26 07:00:00,22.14,Withdrawal,Completed
TX_10038,USR_1004,2026-01-26 01:00:00,242.56,Autosave Deposit,Completed
TX_10039,USR_1005,2026-01-20 08:00:00,125.53,Manual Deposit,Completed
TX_10040,USR_1005,2026-01-19 04:00:00,49.51,Autosave Deposit,Completed
TX_10041,USR_1005,2026-01-20 01:00:00,73.65,Manual Deposit,Completed
TX_10042,USR_1005,2026-01-19 19:00:00,111.52,Withdrawal,Completed
TX_10043,USR_1005,2026-01-20 12:00:00,168.85,Manual Deposit,Completed
TX_10044,USR_1005,2026-01-19 10:00:00,55.58,Autosave Deposit,Completed
TX_10045,USR_1005,2026-01-19 04:00:00,149.0,Withdrawal,Completed
TX_10046,USR_1005,2026-01-19 04:00:00,189.51,Autosave Deposit,Completed
TX_10047,USR_1005,2026-01-19 04:00:00,150.2,Withdrawal,Completed
TX_10048,USR_1006,2026-01-24 04:00:00,240.59,Autosave Deposit,Completed
TX_10049,USR_1006,2026-01-24 12:00:00,26.45,Autosave Deposit,Completed
TX_10050,USR_1006,2026-01-25 20:00:00,216.84,Manual Deposit,Completed
TX_10051,USR_1006,2026-01-24 08:00:00,235.98,Withdrawal,Completed
TX_10052,USR_1006,2026-01-24 16:00:00,148.94,Autosave Deposit,Completed
TX_10053,USR_1007,2026-01-20 03:00:00,167.77,Withdrawal,Completed
TX_10054,USR_1007,2026-01-20 10:00:00,85.93,Manual Deposit,Completed
TX_10055,USR_1007,2026-01-19 14:00:00,170.73,Manual Deposit,Completed
TX_10056,USR_1007,2026-01-19 16:00:00,73.75,Autosave Deposit,Completed
TX_10057,USR_1008,2026-02-22 21:00:00,232.96,Autosave Deposit,Completed
TX_10058,USR_1008,2026-02-22 01:00:00,119.99,Withdrawal,Completed
TX_10059,USR_1008,2026-02-22 07:00:00,27.58,Autosave Deposit,Completed
TX_10060,USR_1008,2026-02-23 09:00:00,73.65,Manual Deposit,Completed
TX_10061,USR_1008,2026-02-22 05:00:00,221.02,Manual Deposit,Completed
TX_10062,USR_1008,2026-02-22 19:00:00,47.86,Withdrawal,Completed
TX_10063,USR_1008,2026-02-23 22:00:00,82.6,Withdrawal,Completed
TX_10064,USR_1008,2026-02-23 10:00:00,11.88,Withdrawal,Completed
TX_10065,USR_1008,2026-02-22 20:00:00,233.62,Autosave Deposit,Completed
TX_10066,USR_1008,2026-02-22 09:00:00,73.47,Autosave Deposit,Completed
TX_10067,USR_1009,2026-01-16 18:00:00,77.62,Autosave Deposit,Completed
TX_10068,USR_1009,2026-01-17 22:00:00,92.29,Withdrawal,Completed
TX_10069,USR_1009,2026-01-17 17:00:00,214.7,Withdrawal,Completed
TX_10070,USR_1009,2026-01-17 08:00:00,70.27,Autosave Deposit,Completed
TX_10071,USR_1009,2026-01-16 06:00:00,162.23,Manual Deposit,Completed
TX_10072,USR_1010,2026-02-14 22:00:00,195.07,Withdrawal,Completed
TX_10073,USR_1010,2026-02-14 17:00:00,48.78,Manual Deposit,Completed
TX_10074,USR_1010,2026-02-15 12:00:00,179.36,Withdrawal,Completed
TX_10075,USR_1011,2026-02-18 05:00:00,236.81,Withdrawal,Completed
TX_10076,USR_1011,2026-02-18 10:00:00,140.94,Manual Deposit,Completed
TX_10077,USR_1011,2026-02-19 14:00:00,142.61,Manual Deposit,Completed
TX_10078,USR_1011,2026-02-18 09:00:00,20.04,Manual Deposit,Completed
TX_10079,USR_1012,2026-02-28 14:00:00,173.7,Withdrawal,Completed
TX_10080,USR_1012,2026-02-28 07:00:00,94.88,Withdrawal,Completed
TX_10081,USR_1012,2026-03-01 03:00:00,243.72,Withdrawal,Completed
TX_10082,USR_1012,2026-02-28 10:00:00,232.18,Autosave Deposit,Completed
TX_10083,USR_1012,2026-02-28 11:00:00,244.29,Autosave Deposit,Completed
TX_10084,USR_1012,2026-03-01 03:00:00,15.95,Withdrawal,Completed
TX_10085,USR_1012,2026-02-28 22:00:00,197.77,Manual Deposit,Completed
TX_10086,USR_1012,2026-03-01 19:00:00,217.38,Autosave Deposit,Completed
TX_10087,USR_1013,2026-02-10 21:00:00,35.94,Autosave Deposit,Completed
TX_10088,USR_1013,2026-02-10 07:00:00,63.38,Manual Deposit,Completed
TX_10089,USR_1013,2026-02-09 23:00:00,83.25,Autosave Deposit,Completed
TX_10090,USR_1013,2026-02-09 15:00:00,15.68,Autosave Deposit,Completed
TX_10091,USR_1013,2026-02-10 02:00:00,88.78,Autosave Deposit,Completed
TX_10092,USR_1014,2026-01-12 18:00:00,132.26,Withdrawal,Completed
TX_10093,USR_1014,2026-01-12 11:00:00,89.48,Autosave Deposit,Completed
TX_10094,USR_1014,2026-01-11 08:00:00,220.49,Manual Deposit,Completed
TX_10095,USR_1014,2026-01-11 12:00:00,149.34,Manual Deposit,Completed
TX_10096,USR_1014,2026-01-11 03:00:00,36.02,Manual Deposit,Completed
TX_10097,USR_1014,2026-01-11 23:00:00,184.85,Manual Deposit,Completed
TX_10098,USR_1014,2026-01-12 04:00:00,155.49,Withdrawal,Completed
TX_10099,USR_1014,2026-01-11 08:00:00,102.45,Withdrawal,Completed
TX_10100,USR_1015,2026-02-11 03:00:00,180.11,Autosave Deposit,Completed
TX_10101,USR_1015,2026-02-12 10:00:00,232.14,Withdrawal,Completed
TX_10102,USR_1015,2026-02-12 20:00:00,182.66,Withdrawal,Completed
TX_10103,USR_1015,2026-02-13 00:00:00,170.95,Manual Deposit,Completed
TX_10104,USR_1015,2026-02-12 04:00:00,26.79,Withdrawal,Completed
TX_10105,USR_1015,2026-02-11 22:00:00,159.56,Withdrawal,Completed
TX_10106,USR_1015,2026-02-11 08:00:00,182.74,Manual Deposit,Completed
TX_10107,USR_1016,2026-02-07 19:00:00,108.01,Manual Deposit,Completed
TX_10108,USR_1016,2026-02-07 21:00:00,80.96,Autosave Deposit,Completed
TX_10109,USR_1016,2026-02-06 13:00:00,110.91,Manual Deposit,Completed
TX_10110,USR_1016,2026-02-07 20:00:00,189.55,Autosave Deposit,Completed
TX_10111,USR_1016,2026-02-07 16:00:00,146.59,Manual Deposit,Completed
TX_10112,USR_1016,2026-02-07 12:00:00,210.09,Manual Deposit,Completed
TX_10113,USR_1016,2026-02-06 19:00:00,60.44,Withdrawal,Completed
TX_10114,USR_1017,2026-01-14 06:00:00,116.03,Withdrawal,Completed
TX_10115,USR_1017,2026-01-13 14:00:00,132.68,Withdrawal,Completed
TX_10116,USR_1017,2026-01-13 11:00:00,168.12,Manual Deposit,Completed
TX_10117,USR_1017,2026-01-14 09:00:00,169.32,Withdrawal,Completed
TX_10118,USR_1017,2026-01-13 22:00:00,32.41,Autosave Deposit,Completed
TX_10119,USR_1017,2026-01-14 20:00:00,84.5,Autosave Deposit,Completed
TX_10120,USR_1017,2026-01-13 10:00:00,15.86,Autosave Deposit,Completed
TX_10121,USR_1017,2026-01-14 07:00:00,156.71,Autosave Deposit,Completed
TX_10122,USR_1018,2026-01-11 17:00:00,148.16,Withdrawal,Completed
TX_10123,USR_1018,2026-01-11 21:00:00,102.15,Manual Deposit,Completed
TX_10124,USR_1018,2026-01-10 16:00:00,45.42,Withdrawal,Completed
TX_10125,USR_1018,2026-01-10 01:00:00,224.24,Autosave Deposit,Completed
TX_10126,USR_1018,2026-01-11 04:00:00,62.52,Withdrawal,Completed
TX_10127,USR_1018,2026-01-11 10:00:00,121.49,Withdrawal,Completed
TX_10128,USR_1018,2026-01-10 16:00:00,230.19,Autosave Deposit,Completed
TX_10129,USR_1018,2026-01-11 06:00:00,42.0,Manual Deposit,Completed
TX_10130,USR_1018,2026-01-11 19:00:00,137.47,Withdrawal,Completed
TX_10131,USR_1019,2026-01-17 05:00:00,157.04,Withdrawal,Completed
TX_10132,USR_1019,2026-01-17 09:00:00,112.42,Withdrawal,Completed
TX_10133,USR_1019,2026-01-17 05:00:00,225.33,Withdrawal,Completed
TX_10134,USR_1019,2026-01-17 07:00:00,118.02,Autosave Deposit,Completed
TX_10135,USR_1019,2026-01-17 17:00:00,76.55,Withdrawal,Completed
TX_10136,USR_1019,2026-01-17 08:00:00,160.42,Manual Deposit,Completed
TX_10137,USR_1019,2026-01-17 05:00:00,28.6,Manual Deposit,Completed
TX_10138,USR_1019,2026-01-16 16:00:00,75.21,Manual Deposit,Completed
TX_10139,USR_1020,2026-01-23 09:00:00,46.2,Manual Deposit,Completed
TX_10140,USR_1020,2026-01-24 21:00:00,46.67,Autosave Deposit,Completed
TX_10141,USR_1020,2026-01-23 05:00:00,109.57,Manual Deposit,Completed
TX_10142,USR_1020,2026-01-24 11:00:00,121.82,Autosave Deposit,Completed
TX_10143,USR_1021,2026-01-20 01:00:00,227.16,Withdrawal,Completed
TX_10144,USR_1021,2026-01-20 21:00:00,14.69,Withdrawal,Completed
TX_10145,USR_1021,2026-01-20 01:00:00,124.48,Manual Deposit,Completed
TX_10146,USR_1021,2026-01-19 20:00:00,190.83,Manual Deposit,Completed
TX_10147,USR_1021,2026-01-20 11:00:00,189.4,Withdrawal,Completed
TX_10148,USR_1021,2026-01-20 15:00:00,225.47,Manual Deposit,Completed
TX_10149,USR_1021,2026-01-19 15:00:00,75.5,Manual Deposit,Completed
TX_10150,USR_1021,2026-01-19 02:00:00,103.33,Withdrawal,Completed
TX_10151,USR_1021,2026-01-20 20:00:00,201.55,Withdrawal,Completed
TX_10152,USR_1022,2026-02-05 09:00:00,245.37,Withdrawal,Completed
TX_10153,USR_1022,2026-02-05 02:00:00,227.66,Withdrawal,Completed
TX_10154,USR_1022,2026-02-06 13:00:00,169.12,Autosave Deposit,Completed
TX_10155,USR_1022,2026-02-06 18:00:00,112.87,Manual Deposit,Completed
TX_10156,USR_1022,2026-02-05 12:00:00,22.07,Manual Deposit,Completed
TX_10157,USR_1022,2026-02-05 21:00:00,60.8,Manual Deposit,Completed
TX_10158,USR_1022,2026-02-05 22:00:00,192.7,Manual Deposit,Completed
TX_10159,USR_1022,2026-02-05 18:00:00,190.48,Manual Deposit,Completed
TX_10160,USR_1022,2026-02-05 17:00:00,210.38,Manual Deposit,Completed
TX_10161,USR_1022,2026-02-05 02:00:00,189.77,Autosave Deposit,Completed
TX_10162,USR_1023,2026-02-15 18:00:00,26.47,Withdrawal,Completed
TX_10163,USR_1023,2026-02-14 03:00:00,191.02,Autosave Deposit,Completed
TX_10164,USR_1023,2026-02-14 13:00:00,211.41,Withdrawal,Completed
TX_10165,USR_1023,2026-02-14 10:00:00,67.25,Manual Deposit,Completed
TX_10166,USR_1023,2026-02-15 19:00:00,37.45,Autosave Deposit,Completed
TX_10167,USR_1023,2026-02-15 06:00:00,177.87,Manual Deposit,Completed
TX_10168,USR_1024,2026-01-05 11:00:00,241.53,Autosave Deposit,Completed
TX_10169,USR_1024,2026-01-06 14:00:00,16.16,Manual Deposit,Completed
TX_10170,USR_1024,2026-01-06 13:00:00,172.56,Manual Deposit,Completed
TX_10171,USR_1024,2026-01-06 02:00:00,235.95,Autosave Deposit,Completed
TX_10172,USR_1025,2026-02-07 07:00:00,177.33,Manual Deposit,Completed
TX_10173,USR_1025,2026-02-08 20:00:00,154.1,Autosave Deposit,Completed
TX_10174,USR_1025,2026-02-08 13:00:00,197.83,Manual Deposit,Completed
TX_10175,USR_1025,2026-02-08 11:00:00,112.81,Manual Deposit,Completed
TX_10176,USR_1025,2026-02-07 05:00:00,131.43,Manual Deposit,Completed
TX_10177,USR_1025,2026-02-07 01:00:00,213.9,Manual Deposit,Completed
TX_10178,USR_1026,2026-01-16 00:00:00,162.54,Manual Deposit,Completed
TX_10179,USR_1026,2026-01-16 22:00:00,46.72,Autosave Deposit,Completed
TX_10180,USR_1026,2026-01-16 23:00:00,135.22,Withdrawal,Completed
TX_10181,USR_1026,2026-01-15 18:00:00,157.82,Withdrawal,Completed
TX_10182,USR_1026,2026-01-16 07:00:00,121.57,Withdrawal,Completed
TX_10183,USR_1026,2026-01-16 14:00:00,74.41,Autosave Deposit,Completed
TX_10184,USR_1026,2026-01-15 06:00:00,76.94,Manual Deposit,Completed
TX_10185,USR_1026,2026-01-15 16:00:00,190.11,Withdrawal,Completed
TX_10186,USR_1026,2026-01-16 16:00:00,170.37,Manual Deposit,Completed
TX_10187,USR_1027,2026-02-16 21:00:00,53.64,Autosave Deposit,Completed
TX_10188,USR_1027,2026-02-16 23:00:00,201.48,Manual Deposit,Completed
TX_10189,USR_1027,2026-02-16 18:00:00,221.28,Withdrawal,Completed
TX_10190,USR_1027,2026-02-16 18:00:00,143.39,Withdrawal,Completed
TX_10191,USR_1027,2026-02-16 13:00:00,30.55,Withdrawal,Completed
TX_10192,USR_1027,2026-02-17 03:00:00,127.26,Autosave Deposit,Completed
TX_10193,USR_1027,2026-02-17 21:00:00,124.26,Withdrawal,Completed
TX_10194,USR_1027,2026-02-17 08:00:00,117.56,Autosave Deposit,Completed
TX_10195,USR_1027,2026-02-16 06:00:00,80.62,Manual Deposit,Completed
TX_10196,USR_1027,2026-02-17 21:00:00,68.39,Withdrawal,Completed
TX_10197,USR_1028,2026-02-22 07:00:00,142.83,Manual Deposit,Completed
TX_10198,USR_1028,2026-02-22 04:00:00,249.19,Withdrawal,Completed
TX_10199,USR_1028,2026-02-21 22:00:00,94.43,Manual Deposit,Completed
TX_10200,USR_1028,2026-02-21 18:00:00,83.59,Autosave Deposit,Completed
TX_10201,USR_1028,2026-02-21 08:00:00,183.11,Manual Deposit,Completed
TX_10202,USR_1028,2026-02-21 08:00:00,188.29,Withdrawal,Completed
TX_10203,USR_1028,2026-02-21 12:00:00,55.97,Withdrawal,Completed
TX_10204,USR_1028,2026-02-22 07:00:00,76.36,Withdrawal,Completed
TX_10205,USR_1029,2026-02-23 07:00:00,209.83,Manual Deposit,Completed
TX_10206,USR_1029,2026-02-23 15:00:00,96.61,Manual Deposit,Completed
TX_10207,USR_1029,2026-02-23 01:00:00,179.92,Autosave Deposit,Completed
TX_10208,USR_1029,2026-02-23 18:00:00,20.92,Autosave Deposit,Completed
TX_10209,USR_1029,2026-02-24 12:00:00,80.11,Autosave Deposit,Completed
TX_10210,USR_1029,2026-02-24 17:00:00,218.43,Manual Deposit,Completed
TX_10211,USR_1029,2026-02-23 07:00:00,219.45,Withdrawal,Completed
TX_10212,USR_1030,2026-02-10 07:00:00,115.71,Autosave Deposit,Completed
TX_10213,USR_1030,2026-02-09 04:00:00,70.59,Manual Deposit,Completed
TX_10214,USR_1030,2026-02-09 08:00:00,207.31,Manual Deposit,Completed
TX_10215,USR_1030,2026-02-10 08:00:00,27.78,Withdrawal,Completed
TX_10216,USR_1030,2026-02-10 20:00:00,22.87,Autosave Deposit,Completed
TX_10217,USR_1030,2026-02-10 13:00:00,237.79,Autosave Deposit,Completed
TX_10218,USR_1030,2026-02-09 16:00:00,38.43,Manual Deposit,Completed
TX_10219,USR_1030,2026-02-10 15:00:00,153.07,Withdrawal,Completed
TX_10220,USR_1030,2026-02-09 15:00:00,196.17,Manual Deposit,Completed
TX_10221,USR_1030,2026-02-10 05:00:00,228.04,Manual Deposit,Completed
TX_10222,USR_1031,2026-02-06 20:00:00,146.47,Autosave Deposit,Completed
TX_10223,USR_1031,2026-02-07 16:00:00,240.43,Autosave Deposit,Completed
TX_10224,USR_1031,2026-02-06 14:00:00,160.12,Manual Deposit,Completed
TX_10225,USR_1031,2026-02-07 19:00:00,29.48,Autosave Deposit,Completed
TX_10226,USR_1031,2026-02-06 12:00:00,142.48,Autosave Deposit,Completed
TX_10227,USR_1031,2026-02-06 01:00:00,108.04,Withdrawal,Completed
TX_10228,USR_1031,2026-02-07 15:00:00,122.78,Autosave Deposit,Completed
TX_10229,USR_1031,2026-02-06 15:00:00,79.15,Manual Deposit,Completed
TX_10230,USR_1031,2026-02-07 21:00:00,216.31,Autosave Deposit,Completed
TX_10231,USR_1032,2026-01-20 17:00:00,151.55,Autosave Deposit,Completed
TX_10232,USR_1032,2026-01-20 04:00:00,37.55,Autosave Deposit,Completed
TX_10233,USR_1032,2026-01-20 18:00:00,45.76,Manual Deposit,Completed
TX_10234,USR_1032,2026-01-19 10:00:00,27.14,Autosave Deposit,Completed
TX_10235,USR_1032,2026-01-19 20:00:00,152.81,Withdrawal,Completed
TX_10236,USR_1032,2026-01-19 19:00:00,115.4,Manual Deposit,Completed
TX_10237,USR_1032,2026-01-20 21:00:00,82.98,Manual Deposit,Completed
TX_10238,USR_1033,2026-02-04 05:00:00,29.31,Autosave Deposit,Completed
TX_10239,USR_1033,2026-02-04 04:00:00,186.29,Withdrawal,Completed
TX_10240,USR_1033,2026-02-03 17:00:00,16.21,Autosave Deposit,Completed
TX_10241,USR_1033,2026-02-04 20:00:00,210.63,Withdrawal,Completed
TX_10242,USR_1033,2026-02-04 14:00:00,238.19,Withdrawal,Completed
TX_10243,USR_1033,2026-02-03 18:00:00,148.3,Autosave Deposit,Completed
TX_10244,USR_1033,2026-02-04 07:00:00,134.55,Manual Deposit,Completed
TX_10245,USR_1033,2026-02-03 18:00:00,53.56,Withdrawal,Completed
TX_10246,USR_1033,2026-02-04 04:00:00,162.35,Manual Deposit,Completed
TX_10247,USR_1033,2026-02-03 06:00:00,122.8,Manual Deposit,Completed
TX_10248,USR_1034,2026-02-14 19:00:00,35.1,Autosave Deposit,Completed
TX_10249,USR_1034,2026-02-13 22:00:00,108.79,Manual Deposit,Completed
TX_10250,USR_1034,2026-02-13 19:00:00,169.02,Manual Deposit,Completed
TX_10251,USR_1034,2026-02-14 12:00:00,18.81,Autosave Deposit,Completed
TX_10252,USR_1034,2026-02-13 21:00:00,70.58,Autosave Deposit,Completed
TX_10253,USR_1034,2026-02-14 02:00:00,217.58,Autosave Deposit,Completed
TX_10254,USR_1034,2026-02-14 19:00:00,218.65,Manual Deposit,Completed
TX_10255,USR_1034,2026-02-14 03:00:00,23.01,Withdrawal,Completed
TX_10256,USR_1035,2026-01-25 17:00:00,116.09,Autosave Deposit,Completed
TX_10257,USR_1035,2026-01-24 14:00:00,74.09,Autosave Deposit,Completed
TX_10258,USR_1035,2026-01-24 19:00:00,115.15,Withdrawal,Completed
TX_10259,USR_1035,2026-01-25 08:00:00,39.14,Withdrawal,Completed
TX_10260,USR_1035,2026-01-25 15:00:00,201.84,Withdrawal,Completed
TX_10261,USR_1035,2026-01-24 11:00:00,84.58,Autosave Deposit,Completed
TX_10262,USR_1035,2026-01-25 12:00:00,107.92,Autosave Deposit,Completed
TX_10263,USR_1035,2026-01-24 08:00:00,120.75,Autosave Deposit,Completed
TX_10264,USR_1035,2026-01-25 18:00:00,209.71,Manual Deposit,Completed
TX_10265,USR_1035,2026-01-25 22:00:00,80.05,Withdrawal,Completed
TX_10266,USR_1036,2026-02-27 07:00:00,245.26,Autosave Deposit,Completed
TX_10267,USR_1036,2026-02-27 06:00:00,142.3,Manual Deposit,Completed
TX_10268,USR_1036,2026-02-26 13:00:00,231.25,Withdrawal,Completed
TX_10269,USR_1036,2026-02-28 00:00:00,221.04,Autosave Deposit,Completed
TX_10270,USR_1036,2026-02-26 18:00:00,195.44,Manual Deposit,Completed
TX_10271,USR_1036,2026-02-26 22:00:00,234.22,Withdrawal,Completed
TX_10272,USR_1036,2026-02-26 18:00:00,206.93,Manual Deposit,Completed
TX_10273,USR_1036,2026-02-27 23:00:00,81.65,Withdrawal,Completed
TX_10274,USR_1036,2026-02-27 14:00:00,249.74,Manual Deposit,Completed
TX_10275,USR_1037,2026-03-01 11:00:00,126.24,Manual Deposit,Completed
TX_10276,USR_1037,2026-03-01 12:00:00,193.09,Manual Deposit,Completed
TX_10277,USR_1037,2026-03-01 06:00:00,233.88,Autosave Deposit,Completed
TX_10278,USR_1037,2026-03-01 21:00:00,67.31,Manual Deposit,Completed
TX_10279,USR_1037,2026-02-28 15:00:00,215.44,Manual Deposit,Completed
TX_10280,USR_1037,2026-02-28 03:00:00,86.36,Manual Deposit,Completed
TX_10281,USR_1037,2026-03-01 22:00:00,229.22,Manual Deposit,Completed
TX_10282,USR_1037,2026-03-01 01:00:00,247.22,Withdrawal,Completed
TX_10283,USR_1037,2026-02-28 10:00:00,128.88,Autosave Deposit,Completed
TX_10284,USR_1037,2026-02-28 09:00:00,130.55,Withdrawal,Completed
TX_10285,USR_1038,2026-01-08 05:00:00,33.93,Manual Deposit,Completed
TX_10286,USR_1038,2026-01-07 01:00:00,183.39,Manual Deposit,Completed
TX_10287,USR_1038,2026-01-08 18:00:00,242.79,Autosave Deposit,Completed
TX_10288,USR_1038,2026-01-08 07:00:00,197.57,Manual Deposit,Completed
TX_10289,USR_1039,2026-02-25 18:00:00,29.28,Manual Deposit,Completed
TX_10290,USR_1039,2026-02-25 20:00:00,216.24,Manual Deposit,Completed
TX_10291,USR_1039,2026-02-24 21:00:00,160.43,Manual Deposit,Completed
TX_10292,USR_1039,2026-02-25 11:00:00,18.62,Autosave Deposit,Completed
TX_10293,USR_1039,2026-02-24 16:00:00,161.48,Manual Deposit,Completed
TX_10294,USR_1039,2026-02-24 15:00:00,189.22,Manual Deposit,Completed
TX_10295,USR_1039,2026-02-24 07:00:00,192.49,Withdrawal,Completed
TX_10296,USR_1039,2026-02-24 07:00:00,116.48,Withdrawal,Completed
TX_10297,USR_1039,2026-02-24 20:00:00,226.82,Autosave Deposit,Completed
TX_10298,USR_1040,2026-02-27 19:00:00,96.03,Manual Deposit,Completed
TX_10299,USR_1040,2026-02-27 10:00:00,68.61,Manual Deposit,Completed
TX_10300,USR_1040,2026-02-28 13:00:00,173.63,Autosave Deposit,Completed
TX_10301,USR_1041,2026-01-14 06:00:00,156.28,Manual Deposit,Completed
TX_10302,USR_1041,2026-01-15 16:00:00,173.95,Manual Deposit,Completed
TX_10303,USR_1041,2026-01-15 14:00:00,44.35,Manual Deposit,Completed
TX_10304,USR_1041,2026-01-15 17:00:00,70.95,Manual Deposit,Completed
TX_10305,USR_1041,2026-01-15 19:00:00,12.26,Manual Deposit,Completed
TX_10306,USR_1042,2026-02-19 05:00:00,116.02,Manual Deposit,Completed
TX_10307,USR_1042,2026-02-20 14:00:00,81.8,Manual Deposit,Completed
TX_10308,USR_1042,2026-02-20 21:00:00,70.02,Manual Deposit,Completed
TX_10309,USR_1042,2026-02-19 13:00:00,249.85,Manual Deposit,Completed
TX_10310,USR_1042,2026-02-19 07:00:00,66.93,Withdrawal,Completed
TX_10311,USR_1043,2026-02-04 21:00:00,80.86,Withdrawal,Completed
TX_10312,USR_1043,2026-02-04 02:00:00,75.88,Withdrawal,Completed
TX_10313,USR_1043,2026-02-04 20:00:00,196.79,Autosave Deposit,Completed
TX_10314,USR_1043,2026-02-04 15:00:00,188.84,Manual Deposit,Completed
TX_10315,USR_1043,2026-02-03 15:00:00,155.7,Manual Deposit,Completed
TX_10316,USR_1043,2026-02-03 15:00:00,162.79,Withdrawal,Completed
TX_10317,USR_1043,2026-02-03 17:00:00,172.66,Withdrawal,Completed
TX_10318,USR_1044,2026-01-26 17:00:00,165.12,Manual Deposit,Completed
TX_10319,USR_1044,2026-01-26 05:00:00,18.01,Manual Deposit,Completed
TX_10320,USR_1044,2026-01-26 23:00:00,41.54,Manual Deposit,Completed
TX_10321,USR_1044,2026-01-25 21:00:00,189.4,Autosave Deposit,Completed
TX_10322,USR_1045,2026-01-23 11:00:00,220.35,Manual Deposit,Completed
TX_10323,USR_1045,2026-01-23 10:00:00,130.43,Manual Deposit,Completed
TX_10324,USR_1045,2026-01-22 11:00:00,71.67,Manual Deposit,Completed
TX_10325,USR_1045,2026-01-22 19:00:00,189.17,Manual Deposit,Completed
TX_10326,USR_1045,2026-01-22 08:00:00,122.4,Autosave Deposit,Completed
TX_10327,USR_1046,2026-01-14 20:00:00,183.81,Manual Deposit,Completed
TX_10328,USR_1046,2026-01-14 12:00:00,97.79,Manual Deposit,Completed
TX_10329,USR_1046,2026-01-13 01:00:00,73.47,Autosave Deposit,Completed
TX_10330,USR_1046,2026-01-14 06:00:00,98.46,Withdrawal,Completed
TX_10331,USR_1046,2026-01-14 20:00:00,72.92,Manual Deposit,Completed
TX_10332,USR_1046,2026-01-14 17:00:00,235.67,Autosave Deposit,Completed
TX_10333,USR_1047,2026-01-18 02:00:00,158.69,Withdrawal,Completed
TX_10334,USR_1047,2026-01-18 21:00:00,229.66,Autosave Deposit,Completed
TX_10335,USR_1047,2026-01-19 18:00:00,25.17,Manual Deposit,Completed
TX_10336,USR_1047,2026-01-19 21:00:00,82.53,Manual Deposit,Completed
TX_10337,USR_1047,2026-01-18 08:00:00,43.55,Autosave Deposit,Completed
TX_10338,USR_1047,2026-01-18 20:00:00,249.02,Autosave Deposit,Completed
TX_10339,USR_1047,2026-01-18 07:00:00,66.35,Withdrawal,Completed
TX_10340,USR_1047,2026-01-18 09:00:00,103.27,Manual Deposit,Completed
TX_10341,USR_1047,2026-01-19 19:00:00,237.85,Withdrawal,Completed
TX_10342,USR_1047,2026-01-19 11:00:00,110.59,Withdrawal,Completed
TX_10343,USR_1048,2026-02-22 18:00:00,33.77,Manual Deposit,Completed
TX_10344,USR_1048,2026-02-22 16:00:00,107.95,Manual Deposit,Completed
TX_10345,USR_1048,2026-02-21 03:00:00,175.67,Autosave Deposit,Completed
TX_10346,USR_1048,2026-02-22 05:00:00,116.73,Autosave Deposit,Completed
TX_10347,USR_1048,2026-02-22 00:00:00,33.85,Withdrawal,Completed
TX_10348,USR_1048,2026-02-22 00:00:00,140.67,Withdrawal,Completed
TX_10349,USR_1048,2026-02-21 23:00:00,24.53,Manual Deposit,Completed
TX_10350,USR_1048,2026-02-21 13:00:00,242.37,Manual Deposit,Completed
TX_10351,USR_1048,2026-02-21 06:00:00,169.06,Withdrawal,Completed
TX_10352,USR_1049,2026-02-01 04:00:00,198.83,Autosave Deposit,Completed
TX_10353,USR_1049,2026-02-01 09:00:00,198.87,Autosave Deposit,Completed
TX_10354,USR_1049,2026-02-01 05:00:00,209.16,Withdrawal,Completed
TX_10355,USR_1050,2026-01-11 15:00:00,88.85,Autosave Deposit,Completed
TX_10356,USR_1050,2026-01-12 15:00:00,10.68,Autosave Deposit,Completed
TX_10357,USR_1050,2026-01-11 09:00:00,139.65,Autosave Deposit,Completed
TX_10358,USR_1050,2026-01-11 08:00:00,168.65,Autosave Deposit,Completed
TX_10359,USR_1050,2026-01-11 09:00:00,13.57,Autosave Deposit,Completed
TX_10360,USR_1050,2026-01-12 14:00:00,87.71,Autosave Deposit,Completed
TX_10361,USR_1051,2026-01-11 09:00:00,188.01,Withdrawal,Completed
TX_10362,USR_1051,2026-01-11 08:00:00,188.96,Manual Deposit,Completed
TX_10363,USR_1051,2026-01-12 05:00:00,196.72,Withdrawal,Completed
TX_10364,USR_1052,2026-02-05 05:00:00,130.92,Withdrawal,Completed
TX_10365,USR_1052,2026-02-04 03:00:00,184.54,Withdrawal,Completed
TX_10366,USR_1052,2026-02-05 10:00:00,82.39,Withdrawal,Completed
TX_10367,USR_1052,2026-02-04 02:00:00,24.6,Manual Deposit,Completed
TX_10368,USR_1053,2026-01-15 20:00:00,35.91,Withdrawal,Completed
TX_10369,USR_1053,2026-01-15 05:00:00,27.64,Autosave Deposit,Completed
TX_10370,USR_1053,2026-01-14 21:00:00,155.99,Autosave Deposit,Completed
TX_10371,USR_1053,2026-01-14 09:00:00,76.0,Withdrawal,Completed
TX_10372,USR_1053,2026-01-15 14:00:00,141.61,Manual Deposit,Completed
TX_10373,USR_1053,2026-01-15 01:00:00,248.71,Withdrawal,Completed
TX_10374,USR_1053,2026-01-14 19:00:00,118.89,Withdrawal,Completed
TX_10375,USR_1053,2026-01-15 04:00:00,33.8,Withdrawal,Completed
TX_10376,USR_1053,2026-01-14 08:00:00,214.67,Withdrawal,Completed
TX_10377,USR_1054,2026-02-02 04:00:00,118.37,Autosave Deposit,Completed
TX_10378,USR_1054,2026-02-02 03:00:00,91.34,Manual Deposit,Completed
TX_10379,USR_1054,2026-02-02 02:00:00,109.84,Autosave Deposit,Completed
TX_10380,USR_1054,2026-02-01 21:00:00,112.42,Withdrawal,Completed
TX_10381,USR_1054,2026-02-01 17:00:00,99.83,Autosave Deposit,Completed
TX_10382,USR_1054,2026-02-02 20:00:00,231.52,Autosave Deposit,Completed
TX_10383,USR_1055,2026-02-26 06:00:00,113.65,Withdrawal,Completed
TX_10384,USR_1055,2026-02-28 00:00:00,99.44,Autosave Deposit,Completed
TX_10385,USR_1055,2026-02-27 12:00:00,24.4,Withdrawal,Completed
TX_10386,USR_1055,2026-02-27 12:00:00,89.12,Autosave Deposit,Completed
TX_10387,USR_1056,2026-01-31 19:00:00,235.87,Manual Deposit,Completed
TX_10388,USR_1056,2026-01-31 23:00:00,22.35,Manual Deposit,Completed
TX_10389,USR_1056,2026-01-31 15:00:00,84.99,Autosave Deposit,Completed
TX_10390,USR_1056,2026-01-31 13:00:00,131.78,Autosave Deposit,Completed
TX_10391,USR_1056,2026-01-31 19:00:00,125.73,Autosave Deposit,Completed
TX_10392,USR_1056,2026-01-30 23:00:00,212.89,Manual Deposit,Completed
TX_10393,USR_1056,2026-01-30 08:00:00,193.03,Withdrawal,Completed
TX_10394,USR_1056,2026-01-30 15:00:00,203.73,Withdrawal,Completed
TX_10395,USR_1057,2026-02-19 15:00:00,232.98,Withdrawal,Completed
TX_10396,USR_1057,2026-02-18 18:00:00,16.95,Manual Deposit,Completed
TX_10397,USR_1057,2026-02-19 21:00:00,192.98,Manual Deposit,Completed
TX_10398,USR_1058,2026-01-23 12:00:00,218.77,Withdrawal,Completed
TX_10399,USR_1058,2026-01-24 19:00:00,106.19,Autosave Deposit,Completed
TX_10400,USR_1058,2026-01-25 00:00:00,161.96,Autosave Deposit,Completed
TX_10401,USR_1059,2026-02-24 01:00:00,110.76,Manual Deposit,Completed
TX_10402,USR_1059,2026-02-23 11:00:00,98.81,Withdrawal,Completed
TX_10403,USR_1059,2026-02-23 21:00:00,196.44,Withdrawal,Completed
TX_10404,USR_1059,2026-02-24 15:00:00,30.39,Autosave Deposit,Completed
TX_10405,USR_1059,2026-02-23 10:00:00,47.78,Withdrawal,Completed
TX_10406,USR_1059,2026-02-23 04:00:00,171.75,Manual Deposit,Completed
TX_10407,USR_1060,2026-01-12 08:00:00,155.7,Manual Deposit,Completed
TX_10408,USR_1060,2026-01-11 18:00:00,61.74,Withdrawal,Completed
TX_10409,USR_1060,2026-01-11 08:00:00,92.84,Autosave Deposit,Completed
TX_10410,USR_1060,2026-01-11 19:00:00,172.77,Withdrawal,Completed
TX_10411,USR_1060,2026-01-12 08:00:00,136.46,Manual Deposit,Completed
TX_10412,USR_1060,2026-01-11 03:00:00,62.92,Withdrawal,Completed
TX_10413,USR_1060,2026-01-11 04:00:00,11.84,Manual Deposit,Completed
TX_10414,USR_1060,2026-01-11 14:00:00,194.16,Manual Deposit,Completed
TX_10415,USR_1060,2026-01-11 19:00:00,88.75,Autosave Deposit,Completed
TX_10416,USR_1061,2026-02-24 12:00:00,41.0,Withdrawal,Completed
TX_10417,USR_1061,2026-02-25 22:00:00,65.23,Withdrawal,Completed
TX_10418,USR_1061,2026-02-25 19:00:00,203.49,Autosave Deposit,Completed
TX_10419,USR_1061,2026-02-25 02:00:00,216.82,Autosave Deposit,Completed
TX_10420,USR_1061,2026-02-25 04:00:00,14.5,Autosave Deposit,Completed
TX_10421,USR_1061,2026-02-24 21:00:00,148.18,Withdrawal,Completed
TX_10422,USR_1061,2026-02-25 02:00:00,180.28,Manual Deposit,Completed
TX_10423,USR_1061,2026-02-24 19:00:00,37.64,Autosave Deposit,Completed
TX_10424,USR_1061,2026-02-24 21:00:00,51.25,Withdrawal,Completed
TX_10425,USR_1062,2026-02-07 06:00:00,114.81,Autosave Deposit,Completed
TX_10426,USR_1062,2026-02-07 16:00:00,114.56,Manual Deposit,Completed
TX_10427,USR_1062,2026-02-08 10:00:00,28.88,Manual Deposit,Completed
TX_10428,USR_1062,2026-02-09 00:00:00,91.48,Manual Deposit,Completed
TX_10429,USR_1062,2026-02-07 11:00:00,28.33,Withdrawal,Completed
TX_10430,USR_1062,2026-02-07 08:00:00,137.35,Autosave Deposit,Completed
TX_10431,USR_1062,2026-02-07 23:00:00,94.26,Withdrawal,Completed
TX_10432,USR_1062,2026-02-07 10:00:00,66.7,Autosave Deposit,Completed
TX_10433,USR_1063,2026-02-09 12:00:00,154.58,Withdrawal,Completed
TX_10434,USR_1063,2026-02-09 05:00:00,52.52,Withdrawal,Completed
TX_10435,USR_1063,2026-02-10 08:00:00,121.35,Withdrawal,Completed
TX_10436,USR_1063,2026-02-10 14:00:00,117.74,Withdrawal,Completed
TX_10437,USR_1063,2026-02-10 18:00:00,162.47,Withdrawal,Completed
TX_10438,USR_1063,2026-02-09 21:00:00,217.42,Withdrawal,Completed
TX_10439,USR_1064,2026-01-15 05:00:00,26.39,Manual Deposit,Completed
TX_10440,USR_1064,2026-01-15 17:00:00,82.68,Manual Deposit,Completed
TX_10441,USR_1064,2026-01-15 14:00:00,23.48,Withdrawal,Completed
TX_10442,USR_1064,2026-01-14 05:00:00,84.5,Manual Deposit,Completed
TX_10443,USR_1064,2026-01-14 03:00:00,23.65,Manual Deposit,Completed
TX_10444,USR_1065,2026-03-04 16:00:00,152.58,Manual Deposit,Completed
TX_10445,USR_1065,2026-03-04 06:00:00,149.28,Withdrawal,Completed
TX_10446,USR_1065,2026-03-03 03:00:00,117.94,Withdrawal,Completed
TX_10447,USR_1065,2026-03-04 18:00:00,55.18,Withdrawal,Completed
TX_10448,USR_1066,2026-02-02 04:00:00,118.13,Manual Deposit,Completed
TX_10449,USR_1066,2026-02-03 22:00:00,30.24,Withdrawal,Completed
TX_10450,USR_1066,2026-02-02 12:00:00,19.39,Withdrawal,Completed
TX_10451,USR_1066,2026-02-03 05:00:00,247.84,Withdrawal,Completed
TX_10452,USR_1066,2026-02-03 10:00:00,156.35,Manual Deposit,Completed
TX_10453,USR_1067,2026-01-13 01:00:00,108.1,Manual Deposit,Completed
TX_10454,USR_1067,2026-01-13 20:00:00,153.49,Withdrawal,Completed
TX_10455,USR_1067,2026-01-13 18:00:00,90.32,Manual Deposit,Completed
TX_10456,USR_1067,2026-01-12 07:00:00,143.91,Manual Deposit,Completed
TX_10457,USR_1067,2026-01-12 19:00:00,70.48,Withdrawal,Completed
TX_10458,USR_1067,2026-01-13 15:00:00,219.59,Manual Deposit,Completed
TX_10459,USR_1067,2026-01-12 06:00:00,149.86,Autosave Deposit,Completed
TX_10460,USR_1068,2026-02-12 18:00:00,177.64,Manual Deposit,Completed
TX_10461,USR_1068,2026-02-11 09:00:00,152.81,Autosave Deposit,Completed
TX_10462,USR_1068,2026-02-11 20:00:00,144.14,Withdrawal,Completed
TX_10463,USR_1068,2026-02-11 22:00:00,205.16,Withdrawal,Completed
TX_10464,USR_1068,2026-02-12 21:00:00,208.95,Withdrawal,Completed
TX_10465,USR_1068,2026-02-12 20:00:00,228.99,Autosave Deposit,Completed
TX_10466,USR_1068,2026-02-12 18:00:00,170.91,Withdrawal,Completed
TX_10467,USR_1069,2026-01-26 00:00:00,84.13,Autosave Deposit,Completed
TX_10468,USR_1069,2026-01-25 22:00:00,237.44,Manual Deposit,Completed
TX_10469,USR_1069,2026-01-25 13:00:00,64.37,Autosave Deposit,Completed
TX_10470,USR_1070,2026-02-26 19:00:00,212.66,Autosave Deposit,Completed
TX_10471,USR_1070,2026-02-27 09:00:00,195.01,Withdrawal,Completed
TX_10472,USR_1070,2026-02-27 10:00:00,19.06,Manual Deposit,Completed
TX_10473,USR_1070,2026-02-27 16:00:00,41.45,Manual Deposit,Completed
TX_10474,USR_1071,2026-02-13 12:00:00,209.52,Withdrawal,Completed
TX_10475,USR_1071,2026-02-13 11:00:00,183.08,Autosave Deposit,Completed
TX_10476,USR_1071,2026-02-14 03:00:00,97.43,Withdrawal,Completed
TX_10477,USR_1071,2026-02-13 16:00:00,242.7,Withdrawal,Completed
TX_10478,USR_1071,2026-02-13 19:00:00,190.57,Manual Deposit,Completed
TX_10479,USR_1072,2026-02-13 20:00:00,241.74,Manual Deposit,Completed
TX_10480,USR_1072,2026-02-13 13:00:00,98.28,Withdrawal,Completed
TX_10481,USR_1072,2026-02-14 05:00:00,120.8,Manual Deposit,Completed
TX_10482,USR_1072,2026-02-14 01:00:00,130.7,Manual Deposit,Completed
TX_10483,USR_1072,2026-02-13 11:00:00,206.05,Withdrawal,Completed
TX_10484,USR_1072,2026-02-13 09:00:00,219.52,Autosave Deposit,Completed
TX_10485,USR_1073,2026-03-07 12:00:00,234.23,Withdrawal,Completed
TX_10486,USR_1073,2026-03-07 10:00:00,214.28,Manual Deposit,Completed
TX_10487,USR_1073,2026-03-06 06:00:00,193.15,Manual Deposit,Completed
TX_10488,USR_1073,2026-03-07 05:00:00,227.27,Autosave Deposit,Completed
TX_10489,USR_1073,2026-03-07 04:00:00,32.01,Autosave Deposit,Completed
TX_10490,USR_1073,2026-03-07 05:00:00,222.31,Autosave Deposit,Completed
TX_10491,USR_1073,2026-03-07 03:00:00,22.78,Withdrawal,Completed
TX_10492,USR_1073,2026-03-07 00:00:00,66.59,Autosave Deposit,Completed
TX_10493,USR_1074,2026-03-03 02:00:00,86.48,Autosave Deposit,Completed
TX_10494,USR_1074,2026-03-04 22:00:00,165.99,Autosave Deposit,Completed
TX_10495,USR_1074,2026-03-03 09:00:00,19.19,Manual Deposit,Completed
TX_10496,USR_1074,2026-03-04 21:00:00,209.47,Withdrawal,Completed
TX_10497,USR_1074,2026-03-04 07:00:00,117.66,Autosave Deposit,Completed
TX_10498,USR_1074,2026-03-03 06:00:00,14.56,Autosave Deposit,Completed
TX_10499,USR_1075,2026-01-27 08:00:00,196.28,Autosave Deposit,Completed
TX_10500,USR_1075,2026-01-27 20:00:00,39.24,Autosave Deposit,Completed
TX_10501,USR_1075,2026-01-28 03:00:00,163.35,Withdrawal,Completed
TX_10502,USR_1075,2026-01-28 06:00:00,25.07,Manual Deposit,Completed
TX_10503,USR_1075,2026-01-28 15:00:00,138.65,Withdrawal,Completed
TX_10504,USR_1075,2026-01-28 09:00:00,148.01,Withdrawal,Completed
TX_10505,USR_1075,2026-01-27 10:00:00,79.91,Autosave Deposit,Completed
TX_10506,USR_1075,2026-01-28 16:00:00,94.68,Withdrawal,Completed
TX_10507,USR_1075,2026-01-28 03:00:00,54.96,Withdrawal,Completed
TX_10508,USR_1076,2026-02-08 05:00:00,238.82,Withdrawal,Completed
TX_10509,USR_1076,2026-02-09 09:00:00,198.74,Withdrawal,Completed
TX_10510,USR_1076,2026-02-09 12:00:00,14.88,Manual Deposit,Completed
TX_10511,USR_1076,2026-02-08 03:00:00,162.56,Manual Deposit,Completed
TX_10512,USR_1076,2026-02-08 17:00:00,189.36,Manual Deposit,Completed
TX_10513,USR_1076,2026-02-08 05:00:00,92.75,Withdrawal,Completed
TX_10514,USR_1076,2026-02-09 19:00:00,160.78,Withdrawal,Completed
TX_10515,USR_1076,2026-02-10 00:00:00,191.6,Autosave Deposit,Completed
TX_10516,USR_1077,2026-01-15 11:00:00,91.25,Withdrawal,Completed
TX_10517,USR_1077,2026-01-14 12:00:00,209.29,Withdrawal,Completed
TX_10518,USR_1077,2026-01-15 06:00:00,245.4,Manual Deposit,Completed
TX_10519,USR_1077,2026-01-15 17:00:00,53.75,Autosave Deposit,Completed
TX_10520,USR_1077,2026-01-14 05:00:00,181.85,Manual Deposit,Completed
TX_10521,USR_1077,2026-01-14 03:00:00,80.43,Autosave Deposit,Completed
TX_10522,USR_1077,2026-01-14 13:00:00,222.59,Manual Deposit,Completed
TX_10523,USR_1077,2026-01-14 20:00:00,133.69,Withdrawal,Completed
TX_10524,USR_1078,2026-02-23 03:00:00,190.79,Autosave Deposit,Completed
TX_10525,USR_1078,2026-02-23 19:00:00,95.67,Autosave Deposit,Completed
TX_10526,USR_1078,2026-02-24 18:00:00,89.66,Autosave Deposit,Completed
TX_10527,USR_1078,2026-02-24 00:00:00,114.87,Manual Deposit,Completed
TX_10528,USR_1078,2026-02-25 00:00:00,115.54,Manual Deposit,Completed
TX_10529,USR_1078,2026-02-23 22:00:00,243.69,Manual Deposit,Completed
TX_10530,USR_1078,2026-02-24 21:00:00,129.41,Withdrawal,Completed
TX_10531,USR_1079,2026-01-11 23:00:00,111.88,Manual Deposit,Completed
TX_10532,USR_1079,2026-01-11 15:00:00,248.82,Autosave Deposit,Completed
TX_10533,USR_1079,2026-01-11 11:00:00,80.5,Autosave Deposit,Completed
TX_10534,USR_1079,2026-01-10 06:00:00,88.7,Manual Deposit,Completed
TX_10535,USR_1080,2026-01-09 15:00:00,182.24,Autosave Deposit,Completed
TX_10536,USR_1080,2026-01-09 21:00:00,116.54,Manual Deposit,Completed
TX_10537,USR_1080,2026-01-08 03:00:00,184.44,Manual Deposit,Completed
TX_10538,USR_1080,2026-01-09 16:00:00,249.56,Manual Deposit,Completed
TX_10539,USR_1080,2026-01-09 17:00:00,245.21,Autosave Deposit,Completed
TX_10540,USR_1080,2026-01-08 05:00:00,171.08,Manual Deposit,Completed
TX_10541,USR_1080,2026-01-09 00:00:00,133.14,Withdrawal,Completed
TX_10542,USR_1080,2026-01-09 20:00:00,48.4,Autosave Deposit,Completed
TX_10543,USR_1080,2026-01-08 10:00:00,213.68,Withdrawal,Completed
TX_10544,USR_1080,2026-01-09 05:00:00,18.35,Autosave Deposit,Completed
TX_10545,USR_1081,2026-02-17 00:00:00,101.89,Withdrawal,Completed
TX_10546,USR_1081,2026-02-16 03:00:00,155.22,Withdrawal,Completed
TX_10547,USR_1081,2026-02-17 05:00:00,237.72,Manual Deposit,Completed
TX_10548,USR_1081,2026-02-17 05:00:00,193.14,Withdrawal,Completed
TX_10549,USR_1081,2026-02-16 09:00:00,137.07,Manual Deposit,Completed
TX_10550,USR_1081,2026-02-16 21:00:00,165.89,Autosave Deposit,Completed
TX_10551,USR_1081,2026-02-16 08:00:00,16.22,Autosave Deposit,Completed
TX_10552,USR_1081,2026-02-17 08:00:00,134.26,Withdrawal,Completed
TX_10553,USR_1082,2026-01-17 17:00:00,178.97,Autosave Deposit,Completed
TX_10554,USR_1082,2026-01-18 16:00:00,78.54,Manual Deposit,Completed
TX_10555,USR_1082,2026-01-17 13:00:00,39.43,Autosave Deposit,Completed
TX_10556,USR_1082,2026-01-18 05:00:00,51.44,Withdrawal,Completed
TX_10557,USR_1082,2026-01-18 05:00:00,249.34,Withdrawal,Completed
TX_10558,USR_1082,2026-01-17 21:00:00,170.28,Withdrawal,Completed
TX_10559,USR_1082,2026-01-17 05:00:00,142.0,Manual Deposit,Completed
TX_10560,USR_1083,2026-02-25 22:00:00,180.3,Withdrawal,Completed
TX_10561,USR_1083,2026-02-25 17:00:00,51.78,Manual Deposit,Completed
TX_10562,USR_1083,2026-02-25 09:00:00,63.82,Autosave Deposit,Completed
TX_10563,USR_1083,2026-02-24 09:00:00,66.82,Manual Deposit,Completed
TX_10564,USR_1083,2026-02-24 02:00:00,96.62,Withdrawal,Completed
TX_10565,USR_1084,2026-01-26 12:00:00,41.15,Autosave Deposit,Completed
TX_10566,USR_1084,2026-01-25 05:00:00,84.23,Withdrawal,Completed
TX_10567,USR_1084,2026-01-26 23:00:00,124.88,Manual Deposit,Completed
TX_10568,USR_1084,2026-01-26 03:00:00,207.6,Autosave Deposit,Completed
TX_10569,USR_1084,2026-01-25 09:00:00,243.37,Withdrawal,Completed
TX_10570,USR_1084,2026-01-25 05:00:00,117.99,Withdrawal,Completed
TX_10571,USR_1084,2026-01-26 10:00:00,92.68,Withdrawal,Completed
TX_10572,USR_1084,2026-01-26 17:00:00,151.07,Autosave Deposit,Completed
TX_10573,USR_1084,2026-01-26 04:00:00,130.69,Autosave Deposit,Completed
TX_10574,USR_1084,2026-01-25 08:00:00,134.34,Manual Deposit,Completed
TX_10575,USR_1085,2026-01-09 21:00:00,234.34,Autosave Deposit,Completed
TX_10576,USR_1085,2026-01-09 23:00:00,237.4,Withdrawal,Completed
TX_10577,USR_1085,2026-01-09 19:00:00,213.02,Manual Deposit,Completed
TX_10578,USR_1085,2026-01-09 13:00:00,162.41,Withdrawal,Completed
TX_10579,USR_1085,2026-01-09 18:00:00,40.04,Manual Deposit,Completed
TX_10580,USR_1086,2026-03-07 09:00:00,163.84,Withdrawal,Completed
TX_10581,USR_1086,2026-03-07 14:00:00,47.01,Withdrawal,Completed
TX_10582,USR_1086,2026-03-07 16:00:00,182.95,Withdrawal,Completed
TX_10583,USR_1086,2026-03-06 22:00:00,212.21,Withdrawal,Completed
TX_10584,USR_1087,2026-01-16 06:00:00,20.91,Withdrawal,Completed
TX_10585,USR_1087,2026-01-17 13:00:00,73.52,Autosave Deposit,Completed
TX_10586,USR_1087,2026-01-17 13:00:00,109.98,Withdrawal,Completed
TX_10587,USR_1088,2026-02-27 17:00:00,140.94,Withdrawal,Completed
TX_10588,USR_1088,2026-02-26 20:00:00,125.91,Withdrawal,Completed
TX_10589,USR_1088,2026-02-27 02:00:00,81.38,Autosave Deposit,Completed
TX_10590,USR_1088,2026-02-27 21:00:00,24.38,Manual Deposit,Completed
TX_10591,USR_1088,2026-02-27 03:00:00,126.22,Autosave Deposit,Completed
TX_10592,USR_1088,2026-02-26 22:00:00,155.6,Manual Deposit,Completed
TX_10593,USR_1088,2026-02-27 22:00:00,86.64,Manual Deposit,Completed
TX_10594,USR_1088,2026-02-27 02:00:00,41.38,Manual Deposit,Completed
TX_10595,USR_1088,2026-02-27 09:00:00,144.8,Manual Deposit,Completed
TX_10596,USR_1088,2026-02-26 16:00:00,121.95,Manual Deposit,Completed
TX_10597,USR_1089,2026-01-15 10:00:00,33.23,Manual Deposit,Completed
TX_10598,USR_1089,2026-01-16 01:00:00,217.4,Manual Deposit,Completed
TX_10599,USR_1089,2026-01-15 16:00:00,241.04,Autosave Deposit,Completed
TX_10600,USR_1089,2026-01-15 21:00:00,234.1,Withdrawal,Completed
TX_10601,USR_1089,2026-01-15 21:00:00,55.56,Autosave Deposit,Completed
TX_10602,USR_1089,2026-01-16 08:00:00,249.03,Manual Deposit,Completed
TX_10603,USR_1090,2026-02-03 08:00:00,15.56,Manual Deposit,Completed
TX_10604,USR_1090,2026-02-03 09:00:00,119.74,Autosave Deposit,Completed
TX_10605,USR_1090,2026-02-02 14:00:00,150.0,Autosave Deposit,Completed
TX_10606,USR_1090,2026-02-02 04:00:00,77.53,Withdrawal,Completed
TX_10607,USR_1090,2026-02-03 18:00:00,171.4,Manual Deposit,Completed
TX_10608,USR_1090,2026-02-03 11:00:00,11.96,Autosave Deposit,Completed
TX_10609,USR_1090,2026-02-03 04:00:00,42.14,Manual Deposit,Completed
TX_10610,USR_1091,2026-01-25 00:00:00,20.86,Autosave Deposit,Completed
TX_10611,USR_1091,2026-01-25 13:00:00,144.84,Manual Deposit,Completed
TX_10612,USR_1091,2026-01-25 12:00:00,79.26,Manual Deposit,Completed
TX_10613,USR_1091,2026-01-25 09:00:00,118.09,Withdrawal,Completed
TX_10614,USR_1091,2026-01-24 18:00:00,208.07,Withdrawal,Completed
TX_10615,USR_1091,2026-01-25 20:00:00,156.65,Autosave Deposit,Completed
TX_10616,USR_1091,2026-01-24 07:00:00,104.54,Manual Deposit,Completed
TX_10617,USR_1091,2026-01-25 12:00:00,235.35,Autosave Deposit,Completed
TX_10618,USR_1091,2026-01-24 13:00:00,154.59,Manual Deposit,Completed
TX_10619,USR_1092,2026-02-08 03:00:00,19.34,Withdrawal,Completed
TX_10620,USR_1092,2026-02-08 22:00:00,202.95,Withdrawal,Completed
TX_10621,USR_1092,2026-02-09 06:00:00,45.75,Withdrawal,Completed
TX_10622,USR_1093,2026-02-14 16:00:00,86.45,Manual Deposit,Completed
TX_10623,USR_1093,2026-02-14 16:00:00,187.44,Manual Deposit,Completed
TX_10624,USR_1093,2026-02-14 14:00:00,90.73,Withdrawal,Completed
TX_10625,USR_1093,2026-02-14 11:00:00,127.56,Withdrawal,Completed
TX_10626,USR_1093,2026-02-13 20:00:00,123.97,Autosave Deposit,Completed
TX_10627,USR_1093,2026-02-14 00:00:00,89.5,Autosave Deposit,Completed
TX_10628,USR_1093,2026-02-14 03:00:00,150.09,Withdrawal,Completed
TX_10629,USR_1093,2026-02-14 21:00:00,161.02,Withdrawal,Completed
TX_10630,USR_1094,2026-03-04 18:00:00,197.9,Withdrawal,Completed
TX_10631,USR_1094,2026-03-04 13:00:00,64.61,Autosave Deposit,Completed
TX_10632,USR_1094,2026-03-04 14:00:00,125.31,Withdrawal,Completed
TX_10633,USR_1094,2026-03-04 17:00:00,183.08,Manual Deposit,Completed
TX_10634,USR_1094,2026-03-03 10:00:00,207.2,Autosave Deposit,Completed
TX_10635,USR_1094,2026-03-03 03:00:00,147.42,Withdrawal,Completed
TX_10636,USR_1094,2026-03-03 08:00:00,55.79,Manual Deposit,Completed
TX_10637,USR_1095,2026-01-30 10:00:00,109.11,Autosave Deposit,Completed
TX_10638,USR_1095,2026-01-31 03:00:00,130.44,Withdrawal,Completed
TX_10639,USR_1095,2026-01-31 07:00:00,219.48,Withdrawal,Completed
TX_10640,USR_1095,2026-01-31 23:00:00,24.95,Autosave Deposit,Completed
TX_10641,USR_1095,2026-01-31 10:00:00,59.76,Manual Deposit,Completed
TX_10642,USR_1095,2026-01-31 19:00:00,124.81,Manual Deposit,Completed
TX_10643,USR_1095,2026-01-30 21:00:00,239.6,Manual Deposit,Completed
TX_10644,USR_1095,2026-01-31 11:00:00,92.16,Manual Deposit,Completed
TX_10645,USR_1095,2026-01-31 20:00:00,195.28,Withdrawal,Completed
TX_10646,USR_1096,2026-01-16 13:00:00,239.76,Manual Deposit,Completed
TX_10647,USR_1096,2026-01-17 12:00:00,81.64,Manual Deposit,Completed
TX_10648,USR_1096,2026-01-16 19:00:00,179.18,Withdrawal,Completed
TX_10649,USR_1096,2026-01-17 22:00:00,127.36,Manual Deposit,Completed
TX_10650,USR_1096,2026-01-16 23:00:00,144.52,Withdrawal,Completed
TX_10651,USR_1096,2026-01-16 18:00:00,79.07,Withdrawal,Completed
TX_10652,USR_1096,2026-01-17 20:00:00,140.37,Manual Deposit,Completed
TX_10653,USR_1096,2026-01-16 23:00:00,239.11,Autosave Deposit,Completed
TX_10654,USR_1096,2026-01-16 19:00:00,20.1,Withdrawal,Completed
TX_10655,USR_1096,2026-01-16 06:00:00,93.13,Manual Deposit,Completed
TX_10656,USR_1097,2026-01-29 14:00:00,58.5,Withdrawal,Completed
TX_10657,USR_1097,2026-01-29 18:00:00,233.93,Withdrawal,Completed
TX_10658,USR_1097,2026-01-29 18:00:00,42.95,Withdrawal,Completed
TX_10659,USR_1097,2026-01-31 00:00:00,150.84,Autosave Deposit,Completed
TX_10660,USR_1097,2026-01-29 04:00:00,170.76,Withdrawal,Completed
TX_10661,USR_1097,2026-01-29 15:00:00,163.11,Autosave Deposit,Completed
TX_10662,USR_1097,2026-01-29 07:00:00,109.19,Withdrawal,Completed
TX_10663,USR_1097,2026-01-30 07:00:00,34.13,Autosave Deposit,Completed
TX_10664,USR_1097,2026-01-29 01:00:00,241.48,Autosave Deposit,Completed
TX_10665,USR_1097,2026-01-30 03:00:00,166.69,Manual Deposit,Completed
TX_10666,USR_1098,2026-01-31 19:00:00,87.08,Withdrawal,Completed
TX_10667,USR_1098,2026-01-31 04:00:00,227.9,Autosave Deposit,Completed
TX_10668,USR_1098,2026-02-01 18:00:00,147.79,Withdrawal,Completed
TX_10669,USR_1098,2026-02-02 00:00:00,183.55,Autosave Deposit,Completed
TX_10670,USR_1098,2026-01-31 12:00:00,110.29,Autosave Deposit,Completed
TX_10671,USR_1098,2026-01-31 03:00:00,249.32,Manual Deposit,Completed
TX_10672,USR_1099,2026-01-24 00:00:00,240.91,Manual Deposit,Completed
TX_10673,USR_1099,2026-01-22 03:00:00,12.22,Withdrawal,Completed
TX_10674,USR_1099,2026-01-23 15:00:00,35.75,Manual Deposit,Completed
TX_10675,USR_1099,2026-01-22 19:00:00,119.04,Withdrawal,Completed
TX_10676,USR_1099,2026-01-23 11:00:00,135.84,Autosave Deposit,Completed
TX_10677,USR_1100,2026-02-21 18:00:00,56.27,Autosave Deposit,Completed
TX_10678,USR_1100,2026-02-21 22:00:00,49.0,Manual Deposit,Completed
TX_10679,USR_1100,2026-02-22 18:00:00,71.74,Autosave Deposit,Completed
TX_10680,USR_1100,2026-02-21 01:00:00,186.79,Manual Deposit,Completed
TX_10681,USR_1100,2026-02-22 13:00:00,171.86,Autosave Deposit,Completed
TX_10682,USR_1100,2026-02-21 12:00:00,156.63,Withdrawal,Completed
TX_10683,USR_1100,2026-02-22 02:00:00,208.48,Withdrawal,Completed
TX_10684,USR_1100,2026-02-21 21:00:00,30.82,Withdrawal,Completed
TX_10685,USR_1100,2026-02-21 07:00:00,54.35,Autosave Deposit,Completed
TX_10686,USR_1100,2026-02-22 07:00:00,87.66,Autosave Deposit,Completed
TX_10687,USR_1101,2026-01-20 01:00:00,66.53,Manual Deposit,Completed
TX_10688,USR_1101,2026-01-19 22:00:00,82.47,Withdrawal,Completed
TX_10689,USR_1101,2026-01-20 13:00:00,12.74,Withdrawal,Completed
TX_10690,USR_1101,2026-01-20 00:00:00,176.26,Autosave Deposit,Completed
TX_10691,USR_1101,2026-01-20 19:00:00,38.37,Manual Deposit,Completed
TX_10692,USR_1101,2026-01-19 11:00:00,107.3,Withdrawal,Completed
TX_10693,USR_1101,2026-01-20 22:00:00,194.76,Withdrawal,Completed
TX_10694,USR_1102,2026-02-17 00:00:00,157.51,Autosave Deposit,Completed
TX_10695,USR_1102,2026-02-16 09:00:00,124.76,Manual Deposit,Completed
TX_10696,USR_1102,2026-02-18 00:00:00,247.32,Manual Deposit,Completed
TX_10697,USR_1102,2026-02-17 03:00:00,178.47,Manual Deposit,Completed
TX_10698,USR_1102,2026-02-17 11:00:00,202.48,Autosave Deposit,Completed
TX_10699,USR_1102,2026-02-16 16:00:00,173.28,Withdrawal,Completed
TX_10700,USR_1102,2026-02-16 06:00:00,136.12,Withdrawal,Completed
TX_10701,USR_1103,2026-03-08 13:00:00,36.93,Withdrawal,Completed
TX_10702,USR_1103,2026-03-08 09:00:00,58.52,Withdrawal,Completed
TX_10703,USR_1103,2026-03-07 10:00:00,49.49,Withdrawal,Completed
TX_10704,USR_1103,2026-03-08 05:00:00,37.9,Autosave Deposit,Completed
TX_10705,USR_1104,2026-02-23 06:00:00,225.73,Manual Deposit,Completed
TX_10706,USR_1104,2026-02-23 04:00:00,118.82,Withdrawal,Completed
TX_10707,USR_1104,2026-02-24 03:00:00,119.63,Autosave Deposit,Completed
TX_10708,USR_1104,2026-02-24 12:00:00,120.97,Manual Deposit,Completed
TX_10709,USR_1104,2026-02-24 23:00:00,15.22,Manual Deposit,Completed
TX_10710,USR_1104,2026-02-23 01:00:00,188.99,Withdrawal,Completed
TX_10711,USR_1104,2026-02-23 05:00:00,20.87,Manual Deposit,Completed
TX_10712,USR_1104,2026-02-24 21:00:00,25.3,Autosave Deposit,Completed
TX_10713,USR_1104,2026-02-23 05:00:00,246.67,Manual Deposit,Completed
TX_10714,USR_1104,2026-02-23 03:00:00,78.9,Autosave Deposit,Completed
TX_10715,USR_1105,2026-02-15 00:00:00,248.29,Manual Deposit,Completed
TX_10716,USR_1105,2026-02-15 05:00:00,218.71,Manual Deposit,Completed
TX_10717,USR_1105,2026-02-15 01:00:00,29.26,Withdrawal,Completed
TX_10718,USR_1105,2026-02-15 11:00:00,41.92,Manual Deposit,Completed
TX_10719,USR_1105,2026-02-14 08:00:00,52.83,Withdrawal,Completed
TX_10720,USR_1105,2026-02-15 02:00:00,136.92,Withdrawal,Completed
TX_10721,USR_1105,2026-02-14 15:00:00,210.36,Autosave Deposit,Completed
TX_10722,USR_1105,2026-02-14 20:00:00,121.12,Withdrawal,Completed
TX_10723,USR_1105,2026-02-15 11:00:00,111.79,Manual Deposit,Completed
TX_10724,USR_1106,2026-01-10 06:00:00,93.08,Manual Deposit,Completed
TX_10725,USR_1106,2026-01-09 13:00:00,234.98,Withdrawal,Completed
TX_10726,USR_1106,2026-01-09 08:00:00,17.73,Withdrawal,Completed
TX_10727,USR_1106,2026-01-10 03:00:00,157.58,Autosave Deposit,Completed
TX_10728,USR_1106,2026-01-09 16:00:00,59.46,Autosave Deposit,Completed
TX_10729,USR_1106,2026-01-10 15:00:00,18.06,Withdrawal,Completed
TX_10730,USR_1107,2026-02-11 00:00:00,20.62,Manual Deposit,Completed
TX_10731,USR_1107,2026-02-09 15:00:00,139.54,Autosave Deposit,Completed
TX_10732,USR_1107,2026-02-09 09:00:00,130.94,Manual Deposit,Completed
TX_10733,USR_1107,2026-02-09 15:00:00,205.79,Withdrawal,Completed
TX_10734,USR_1107,2026-02-10 13:00:00,86.54,Withdrawal,Completed
TX_10735,USR_1107,2026-02-10 20:00:00,206.41,Autosave Deposit,Completed
TX_10736,USR_1108,2026-02-16 19:00:00,135.1,Manual Deposit,Completed
TX_10737,USR_1108,2026-02-15 20:00:00,76.04,Withdrawal,Completed
TX_10738,USR_1108,2026-02-16 14:00:00,221.13,Autosave Deposit,Completed
TX_10739,USR_1108,2026-02-16 17:00:00,172.9,Withdrawal,Completed
TX_10740,USR_1108,2026-02-16 08:00:00,21.25,Manual Deposit,Completed
TX_10741,USR_1109,2026-01-19 21:00:00,109.92,Autosave Deposit,Completed
TX_10742,USR_1109,2026-01-18 20:00:00,100.35,Withdrawal,Completed
TX_10743,USR_1109,2026-01-19 07:00:00,67.83,Autosave Deposit,Completed
TX_10744,USR_1109,2026-01-18 20:00:00,215.81,Autosave Deposit,Completed
TX_10745,USR_1109,2026-01-19 06:00:00,229.54,Withdrawal,Completed
TX_10746,USR_1109,2026-01-19 03:00:00,242.27,Withdrawal,Completed
TX_10747,USR_1109,2026-01-19 10:00:00,42.18,Autosave Deposit,Completed
TX_10748,USR_1109,2026-01-18 17:00:00,58.8,Withdrawal,Completed
TX_10749,USR_1110,2026-02-07 00:00:00,32.19,Withdrawal,Completed
TX_10750,USR_1110,2026-02-06 13:00:00,22.37,Manual Deposit,Completed
TX_10751,USR_1110,2026-02-07 20:00:00,155.19,Autosave Deposit,Completed
TX_10752,USR_1110,2026-02-06 05:00:00,55.16,Withdrawal,Completed
TX_10753,USR_1110,2026-02-07 23:00:00,171.15,Autosave Deposit,Completed
TX_10754,USR_1110,2026-02-07 07:00:00,60.13,Manual Deposit,Completed
TX_10755,USR_1110,2026-02-06 20:00:00,239.68,Autosave Deposit,Completed
TX_10756,USR_1110,2026-02-06 14:00:00,234.92,Withdrawal,Completed
TX_10757,USR_1110,2026-02-06 08:00:00,189.25,Manual Deposit,Completed
TX_10758,USR_1110,2026-02-06 16:00:00,176.95,Withdrawal,Completed
TX_10759,USR_1111,2026-02-20 16:00:00,142.5,Manual Deposit,Completed
TX_10760,USR_1111,2026-02-21 01:00:00,121.9,Withdrawal,Completed
TX_10761,USR_1111,2026-02-20 23:00:00,84.02,Manual Deposit,Completed
TX_10762,USR_1111,2026-02-21 09:00:00,221.87,Manual Deposit,Completed
TX_10763,USR_1111,2026-02-20 07:00:00,202.68,Withdrawal,Completed
TX_10764,USR_1111,2026-02-21 07:00:00,192.79,Manual Deposit,Completed
TX_10765,USR_1111,2026-02-20 14:00:00,98.97,Manual Deposit,Completed
TX_10766,USR_1111,2026-02-20 03:00:00,145.01,Autosave Deposit,Completed
TX_10767,USR_1111,2026-02-22 00:00:00,45.02,Manual Deposit,Completed
TX_10768,USR_1112,2026-01-25 19:00:00,46.58,Manual Deposit,Completed
TX_10769,USR_1112,2026-01-25 15:00:00,101.16,Autosave Deposit,Completed
TX_10770,USR_1112,2026-01-26 08:00:00,142.15,Withdrawal,Completed
TX_10771,USR_1112,2026-01-25 22:00:00,71.76,Manual Deposit,Completed
TX_10772,USR_1112,2026-01-26 23:00:00,164.01,Manual Deposit,Completed
TX_10773,USR_1112,2026-01-26 06:00:00,50.38,Manual Deposit,Completed
TX_10774,USR_1112,2026-01-25 11:00:00,43.59,Withdrawal,Completed
TX_10775,USR_1112,2026-01-26 08:00:00,54.17,Withdrawal,Completed
TX_10776,USR_1112,2026-01-26 18:00:00,239.74,Withdrawal,Completed
TX_10777,USR_1113,2026-01-13 19:00:00,21.64,Autosave Deposit,Completed
TX_10778,USR_1113,2026-01-13 03:00:00,43.0,Withdrawal,Completed
TX_10779,USR_1113,2026-01-12 15:00:00,26.31,Autosave Deposit,Completed
TX_10780,USR_1113,2026-01-12 01:00:00,62.49,Manual Deposit,Completed
TX_10781,USR_1114,2026-02-06 16:00:00,163.05,Withdrawal,Completed
TX_10782,USR_1114,2026-02-06 07:00:00,168.23,Autosave Deposit,Completed
TX_10783,USR_1114,2026-02-05 01:00:00,137.73,Manual Deposit,Completed
TX_10784,USR_1115,2026-01-27 10:00:00,183.33,Withdrawal,Completed
TX_10785,USR_1115,2026-01-26 19:00:00,14.11,Withdrawal,Completed
TX_10786,USR_1115,2026-01-27 20:00:00,113.34,Autosave Deposit,Completed
TX_10787,USR_1116,2026-01-21 10:00:00,45.74,Autosave Deposit,Completed
TX_10788,USR_1116,2026-01-21 16:00:00,136.35,Manual Deposit,Completed
TX_10789,USR_1116,2026-01-20 18:00:00,200.78,Autosave Deposit,Completed
TX_10790,USR_1116,2026-01-21 00:00:00,240.23,Manual Deposit,Completed
TX_10791,USR_1117,2026-03-12 21:00:00,64.21,Withdrawal,Completed
TX_10792,USR_1117,2026-03-11 06:00:00,166.9,Withdrawal,Completed
TX_10793,USR_1117,2026-03-11 03:00:00,32.44,Manual Deposit,Completed
TX_10794,USR_1117,2026-03-12 01:00:00,142.65,Autosave Deposit,Completed
TX_10795,USR_1117,2026-03-12 17:00:00,12.27,Autosave Deposit,Completed
TX_10796,USR_1117,2026-03-11 06:00:00,129.97,Manual Deposit,Completed
TX_10797,USR_1118,2026-02-17 10:00:00,230.6,Autosave Deposit,Completed
TX_10798,USR_1118,2026-02-16 14:00:00,226.31,Withdrawal,Completed
TX_10799,USR_1118,2026-02-17 13:00:00,124.12,Autosave Deposit,Completed
TX_10800,USR_1118,2026-02-16 05:00:00,174.26,Manual Deposit,Completed
TX_10801,USR_1119,2026-02-23 12:00:00,232.9,Manual Deposit,Completed
TX_10802,USR_1119,2026-02-23 02:00:00,240.75,Withdrawal,Completed
TX_10803,USR_1119,2026-02-23 10:00:00,190.54,Withdrawal,Completed
TX_10804,USR_1120,2026-02-12 20:00:00,48.99,Autosave Deposit,Completed
TX_10805,USR_1120,2026-02-13 13:00:00,210.32,Manual Deposit,Completed
TX_10806,USR_1120,2026-02-13 20:00:00,225.17,Manual Deposit,Completed
TX_10807,USR_1120,2026-02-13 01:00:00,191.35,Autosave Deposit,Completed
TX_10808,USR_1121,2026-01-17 04:00:00,33.44,Autosave Deposit,Completed
TX_10809,USR_1121,2026-01-17 05:00:00,91.74,Withdrawal,Completed
TX_10810,USR_1121,2026-01-18 15:00:00,105.21,Manual Deposit,Completed
TX_10811,USR_1121,2026-01-17 02:00:00,162.19,Manual Deposit,Completed
TX_10812,USR_1121,2026-01-18 08:00:00,64.75,Withdrawal,Completed
TX_10813,USR_1121,2026-01-18 01:00:00,113.64,Withdrawal,Completed
TX_10814,USR_1121,2026-01-18 14:00:00,168.56,Autosave Deposit,Completed
TX_10815,USR_1121,2026-01-18 16:00:00,80.89,Autosave Deposit,Completed
TX_10816,USR_1122,2026-02-15 18:00:00,47.01,Withdrawal,Completed
TX_10817,USR_1122,2026-02-16 17:00:00,47.03,Manual Deposit,Completed
TX_10818,USR_1122,2026-02-15 21:00:00,96.57,Autosave Deposit,Completed
TX_10819,USR_1122,2026-02-15 01:00:00,236.31,Manual Deposit,Completed
TX_10820,USR_1123,2026-01-27 07:00:00,41.8,Autosave Deposit,Completed
TX_10821,USR_1123,2026-01-28 04:00:00,117.72,Withdrawal,Completed
TX_10822,USR_1123,2026-01-28 09:00:00,107.93,Autosave Deposit,Completed
TX_10823,USR_1123,2026-01-27 06:00:00,94.94,Autosave Deposit,Completed
TX_10824,USR_1123,2026-01-28 15:00:00,153.53,Manual Deposit,Completed
TX_10825,USR_1123,2026-01-28 01:00:00,12.96,Manual Deposit,Completed
TX_10826,USR_1123,2026-01-28 01:00:00,197.0,Withdrawal,Completed
TX_10827,USR_1124,2026-03-05 13:00:00,135.07,Withdrawal,Completed
TX_10828,USR_1124,2026-03-05 01:00:00,50.68,Manual Deposit,Completed
TX_10829,USR_1124,2026-03-04 20:00:00,74.42,Autosave Deposit,Completed
TX_10830,USR_1124,2026-03-04 05:00:00,50.13,Manual Deposit,Completed
TX_10831,USR_1124,2026-03-05 03:00:00,81.94,Autosave Deposit,Completed
TX_10832,USR_1124,2026-03-05 00:00:00,70.41,Autosave Deposit,Completed
TX_10833,USR_1125,2026-02-28 06:00:00,35.67,Manual Deposit,Completed
TX_10834,USR_1125,2026-02-27 01:00:00,237.72,Manual Deposit,Completed
TX_10835,USR_1125,2026-02-28 16:00:00,101.17,Manual Deposit,Completed
TX_10836,USR_1125,2026-02-28 05:00:00,90.34,Withdrawal,Completed
TX_10837,USR_1125,2026-02-28 15:00:00,42.67,Manual Deposit,Completed
TX_10838,USR_1125,2026-02-28 15:00:00,237.35,Autosave Deposit,Completed
TX_10839,USR_1126,2026-02-27 12:00:00,241.5,Manual Deposit,Completed
TX_10840,USR_1126,2026-02-27 19:00:00,186.37,Withdrawal,Completed
TX_10841,USR_1126,2026-02-28 08:00:00,242.26,Autosave Deposit,Completed
TX_10842,USR_1126,2026-02-27 21:00:00,100.25,Manual Deposit,Completed
TX_10843,USR_1126,2026-02-28 00:00:00,37.33,Withdrawal,Completed
TX_10844,USR_1126,2026-02-27 13:00:00,152.13,Withdrawal,Completed
TX_10845,USR_1126,2026-02-27 12:00:00,173.61,Withdrawal,Completed
TX_10846,USR_1126,2026-02-27 02:00:00,238.72,Manual Deposit,Completed
TX_10847,USR_1127,2026-01-08 19:00:00,209.51,Autosave Deposit,Completed
TX_10848,USR_1127,2026-01-09 03:00:00,171.51,Autosave Deposit,Completed
TX_10849,USR_1127,2026-01-09 17:00:00,82.68,Manual Deposit,Completed
TX_10850,USR_1127,2026-01-09 19:00:00,46.99,Manual Deposit,Completed
TX_10851,USR_1127,2026-01-09 01:00:00,27.75,Withdrawal,Completed
TX_10852,USR_1127,2026-01-09 07:00:00,149.74,Withdrawal,Completed
TX_10853,USR_1127,2026-01-09 09:00:00,231.64,Withdrawal,Completed
TX_10854,USR_1127,2026-01-09 03:00:00,140.47,Manual Deposit,Completed
TX_10855,USR_1127,2026-01-09 21:00:00,224.92,Withdrawal,Completed
TX_10856,USR_1127,2026-01-09 15:00:00,163.16,Autosave Deposit,Completed
TX_10857,USR_1128,2026-01-18 19:00:00,169.53,Autosave Deposit,Completed
TX_10858,USR_1128,2026-01-18 18:00:00,157.04,Withdrawal,Completed
TX_10859,USR_1128,2026-01-18 18:00:00,172.59,Manual Deposit,Completed
TX_10860,USR_1128,2026-01-17 22:00:00,241.77,Manual Deposit,Completed
TX_10861,USR_1128,2026-01-17 07:00:00,12.53,Manual Deposit,Completed
TX_10862,USR_1128,2026-01-17 15:00:00,132.56,Withdrawal,Completed
TX_10863,USR_1129,2026-03-04 05:00:00,99.79,Manual Deposit,Completed
TX_10864,USR_1129,2026-03-04 20:00:00,151.26,Withdrawal,Completed
TX_10865,USR_1129,2026-03-03 10:00:00,92.79,Autosave Deposit,Completed
TX_10866,USR_1129,2026-03-04 07:00:00,35.09,Manual Deposit,Completed
TX_10867,USR_1129,2026-03-03 06:00:00,37.86,Withdrawal,Completed
TX_10868,USR_1129,2026-03-03 10:00:00,93.6,Manual Deposit,Completed
TX_10869,USR_1130,2026-01-12 10:00:00,125.9,Manual Deposit,Completed
TX_10870,USR_1130,2026-01-11 07:00:00,115.16,Withdrawal,Completed
TX_10871,USR_1130,2026-01-12 05:00:00,86.54,Manual Deposit,Completed
TX_10872,USR_1130,2026-01-11 03:00:00,204.44,Autosave Deposit,Completed
TX_10873,USR_1130,2026-01-11 02:00:00,213.8,Withdrawal,Completed
TX_10874,USR_1130,2026-01-11 07:00:00,172.51,Autosave Deposit,Completed
TX_10875,USR_1131,2026-02-26 12:00:00,48.43,Withdrawal,Completed
TX_10876,USR_1131,2026-02-26 04:00:00,240.03,Autosave Deposit,Completed
TX_10877,USR_1131,2026-02-26 02:00:00,161.14,Autosave Deposit,Completed
TX_10878,USR_1131,2026-02-26 17:00:00,167.75,Manual Deposit,Completed
TX_10879,USR_1131,2026-02-25 02:00:00,186.97,Autosave Deposit,Completed
TX_10880,USR_1132,2026-01-30 01:00:00,11.07,Autosave Deposit,Completed
TX_10881,USR_1132,2026-01-29 14:00:00,76.8,Withdrawal,Completed
TX_10882,USR_1132,2026-01-29 05:00:00,148.56,Withdrawal,Completed
TX_10883,USR_1132,2026-01-29 12:00:00,97.79,Autosave Deposit,Completed
TX_10884,USR_1132,2026-01-30 06:00:00,37.35,Withdrawal,Completed
TX_10885,USR_1132,2026-01-30 08:00:00,136.65,Withdrawal,Completed
TX_10886,USR_1132,2026-01-29 21:00:00,153.27,Withdrawal,Completed
TX_10887,USR_1132,2026-01-30 02:00:00,150.88,Manual Deposit,Completed
TX_10888,USR_1132,2026-01-29 23:00:00,212.92,Withdrawal,Completed
TX_10889,USR_1133,2026-01-30 16:00:00,151.64,Withdrawal,Completed
TX_10890,USR_1133,2026-01-29 09:00:00,85.16,Autosave Deposit,Completed
TX_10891,USR_1133,2026-01-29 20:00:00,38.07,Manual Deposit,Completed
TX_10892,USR_1133,2026-01-30 21:00:00,43.93,Manual Deposit,Completed
TX_10893,USR_1133,2026-01-30 03:00:00,153.14,Withdrawal,Completed
TX_10894,USR_1133,2026-01-30 01:00:00,111.53,Manual Deposit,Completed
TX_10895,USR_1133,2026-01-30 17:00:00,138.97,Withdrawal,Completed
TX_10896,USR_1134,2026-01-22 08:00:00,79.32,Autosave Deposit,Completed
TX_10897,USR_1134,2026-01-21 21:00:00,212.08,Withdrawal,Completed
TX_10898,USR_1134,2026-01-21 04:00:00,217.73,Autosave Deposit,Completed
TX_10899,USR_1134,2026-01-22 08:00:00,42.77,Manual Deposit,Completed
TX_10900,USR_1134,2026-01-22 12:00:00,131.31,Manual Deposit,Completed
TX_10901,USR_1135,2026-01-13 03:00:00,180.43,Manual Deposit,Completed
TX_10902,USR_1135,2026-01-13 08:00:00,50.14,Withdrawal,Completed
TX_10903,USR_1135,2026-01-12 02:00:00,201.01,Autosave Deposit,Completed
TX_10904,USR_1135,2026-01-12 19:00:00,17.85,Autosave Deposit,Completed
TX_10905,USR_1135,2026-01-13 11:00:00,79.28,Manual Deposit,Completed
TX_10906,USR_1135,2026-01-13 13:00:00,188.2,Manual Deposit,Completed
TX_10907,USR_1135,2026-01-13 12:00:00,132.59,Withdrawal,Completed
TX_10908,USR_1135,2026-01-12 08:00:00,74.29,Withdrawal,Completed
TX_10909,USR_1135,2026-01-13 00:00:00,140.09,Autosave Deposit,Completed
TX_10910,USR_1135,2026-01-13 23:00:00,115.93,Autosave Deposit,Completed
TX_10911,USR_1136,2026-01-23 00:00:00,209.22,Autosave Deposit,Completed
TX_10912,USR_1136,2026-01-21 20:00:00,219.95,Autosave Deposit,Completed
TX_10913,USR_1136,2026-01-22 05:00:00,73.08,Autosave Deposit,Completed
TX_10914,USR_1136,2026-01-22 05:00:00,217.67,Autosave Deposit,Completed
TX_10915,USR_1137,2026-03-06 00:00:00,151.1,Manual Deposit,Completed
TX_10916,USR_1137,2026-03-05 22:00:00,156.46,Manual Deposit,Completed
TX_10917,USR_1137,2026-03-04 11:00:00,157.88,Autosave Deposit,Completed
TX_10918,USR_1137,2026-03-04 14:00:00,203.31,Withdrawal,Completed
TX_10919,USR_1137,2026-03-04 23:00:00,137.75,Withdrawal,Completed
TX_10920,USR_1137,2026-03-05 11:00:00,50.41,Withdrawal,Completed
TX_10921,USR_1138,2026-03-08 13:00:00,74.16,Withdrawal,Completed
TX_10922,USR_1138,2026-03-08 20:00:00,205.64,Autosave Deposit,Completed
TX_10923,USR_1138,2026-03-08 03:00:00,230.5,Manual Deposit,Completed
TX_10924,USR_1138,2026-03-08 18:00:00,40.45,Autosave Deposit,Completed
TX_10925,USR_1138,2026-03-07 16:00:00,45.1,Manual Deposit,Completed
TX_10926,USR_1138,2026-03-07 16:00:00,192.75,Withdrawal,Completed
TX_10927,USR_1138,2026-03-08 02:00:00,127.47,Withdrawal,Completed
TX_10928,USR_1139,2026-02-12 01:00:00,118.48,Withdrawal,Completed
TX_10929,USR_1139,2026-02-11 06:00:00,106.68,Withdrawal,Completed
TX_10930,USR_1139,2026-02-11 18:00:00,176.73,Manual Deposit,Completed
TX_10931,USR_1139,2026-02-12 06:00:00,238.06,Manual Deposit,Completed
TX_10932,USR_1139,2026-02-12 14:00:00,10.59,Withdrawal,Completed
TX_10933,USR_1139,2026-02-11 06:00:00,185.42,Manual Deposit,Completed
TX_10934,USR_1139,2026-02-12 17:00:00,169.39,Manual Deposit,Completed
TX_10935,USR_1139,2026-02-11 05:00:00,200.96,Manual Deposit,Completed
TX_10936,USR_1139,2026-02-11 14:00:00,242.35,Autosave Deposit,Completed
TX_10937,USR_1140,2026-03-06 21:00:00,208.8,Manual Deposit,Completed
TX_10938,USR_1140,2026-03-07 12:00:00,148.7,Withdrawal,Completed
TX_10939,USR_1140,2026-03-07 08:00:00,199.19,Withdrawal,Completed
TX_10940,USR_1140,2026-03-06 04:00:00,21.03,Withdrawal,Completed
TX_10941,USR_1140,2026-03-07 06:00:00,13.91,Autosave Deposit,Completed
TX_10942,USR_1140,2026-03-07 05:00:00,119.56,Manual Deposit,Completed
TX_10943,USR_1140,2026-03-06 13:00:00,248.97,Autosave Deposit,Completed
TX_10944,USR_1141,2026-02-20 18:00:00,32.4,Manual Deposit,Completed
TX_10945,USR_1141,2026-02-20 17:00:00,29.78,Withdrawal,Completed
TX_10946,USR_1141,2026-02-21 18:00:00,49.73,Manual Deposit,Completed
TX_10947,USR_1141,2026-02-21 17:00:00,83.32,Withdrawal,Completed
TX_10948,USR_1141,2026-02-20 15:00:00,113.02,Autosave Deposit,Completed
TX_10949,USR_1142,2026-01-23 14:00:00,124.43,Autosave Deposit,Completed
TX_10950,USR_1142,2026-01-24 14:00:00,64.29,Withdrawal,Completed
TX_10951,USR_1142,2026-01-24 05:00:00,12.23,Withdrawal,Completed
TX_10952,USR_1143,2026-01-21 04:00:00,176.57,Manual Deposit,Completed
TX_10953,USR_1143,2026-01-20 05:00:00,64.95,Autosave Deposit,Completed
TX_10954,USR_1143,2026-01-21 23:00:00,203.43,Autosave Deposit,Completed
TX_10955,USR_1143,2026-01-20 21:00:00,98.21,Manual Deposit,Completed
TX_10956,USR_1144,2026-02-14 09:00:00,163.98,Withdrawal,Completed
TX_10957,USR_1144,2026-02-14 10:00:00,26.42,Withdrawal,Completed
TX_10958,USR_1144,2026-02-14 01:00:00,156.48,Autosave Deposit,Completed
TX_10959,USR_1144,2026-02-15 05:00:00,94.29,Autosave Deposit,Completed
TX_10960,USR_1144,2026-02-15 17:00:00,189.58,Manual Deposit,Completed
TX_10961,USR_1144,2026-02-15 16:00:00,174.78,Autosave Deposit,Completed
TX_10962,USR_1144,2026-02-14 06:00:00,225.18,Autosave Deposit,Completed
TX_10963,USR_1144,2026-02-14 08:00:00,151.5,Manual Deposit,Completed
TX_10964,USR_1144,2026-02-14 23:00:00,241.18,Manual Deposit,Completed
TX_10965,USR_1145,2026-02-04 18:00:00,164.71,Autosave Deposit,Completed
TX_10966,USR_1145,2026-02-05 12:00:00,154.24,Withdrawal,Completed
TX_10967,USR_1145,2026-02-05 15:00:00,78.38,Withdrawal,Completed
TX_10968,USR_1145,2026-02-04 02:00:00,213.49,Withdrawal,Completed
TX_10969,USR_1145,2026-02-04 20:00:00,59.31,Withdrawal,Completed
TX_10970,USR_1145,2026-02-05 09:00:00,55.28,Manual Deposit,Completed
TX_10971,USR_1146,2026-01-31 16:00:00,128.77,Autosave Deposit,Completed
TX_10972,USR_1146,2026-01-31 16:00:00,129.9,Withdrawal,Completed
TX_10973,USR_1146,2026-01-31 05:00:00,136.79,Autosave Deposit,Completed
TX_10974,USR_1147,2026-03-04 09:00:00,102.84,Withdrawal,Completed
TX_10975,USR_1147,2026-03-05 03:00:00,97.7,Withdrawal,Completed
TX_10976,USR_1147,2026-03-04 12:00:00,193.05,Autosave Deposit,Completed
TX_10977,USR_1147,2026-03-04 02:00:00,150.97,Autosave Deposit,Completed
TX_10978,USR_1147,2026-03-04 17:00:00,61.78,Autosave Deposit,Completed
TX_10979,USR_1147,2026-03-05 02:00:00,131.59,Withdrawal,Completed
TX_10980,USR_1147,2026-03-05 22:00:00,130.25,Manual Deposit,Completed
TX_10981,USR_1147,2026-03-05 04:00:00,178.43,Autosave Deposit,Completed
TX_10982,USR_1148,2026-03-09 18:00:00,30.06,Autosave Deposit,Completed
TX_10983,USR_1148,2026-03-10 09:00:00,231.02,Autosave Deposit,Completed
TX_10984,USR_1148,2026-03-10 11:00:00,88.42,Withdrawal,Completed
TX_10985,USR_1148,2026-03-10 17:00:00,193.17,Withdrawal,Completed
TX_10986,USR_1148,2026-03-10 20:00:00,164.36,Manual Deposit,Completed
TX_10987,USR_1149,2026-02-18 04:00:00,68.68,Manual Deposit,Completed
TX_10988,USR_1149,2026-02-18 08:00:00,118.81,Withdrawal,Completed
TX_10989,USR_1149,2026-02-18 04:00:00,84.23,Withdrawal,Completed
TX_10990,USR_1149,2026-02-19 19:00:00,187.76,Autosave Deposit,Completed
TX_10991,USR_1149,2026-02-18 01:00:00,179.9,Withdrawal,Completed
TX_10992,USR_1149,2026-02-18 01:00:00,49.32,Manual Deposit,Completed
TX_10993,USR_1150,2026-02-08 11:00:00,99.25,Withdrawal,Completed
TX_10994,USR_1150,2026-02-08 18:00:00,185.9,Autosave Deposit,Completed
TX_10995,USR_1150,2026-02-08 02:00:00,90.4,Manual Deposit,Completed
TX_10996,USR_1150,2026-02-08 18:00:00,135.73,Manual Deposit,Completed
TX_10997,USR_1150,2026-02-09 22:00:00,244.01,Withdrawal,Completed
TX_10998,USR_1150,2026-02-08 05:00:00,129.08,Withdrawal,Completed
TX_10999,USR_1150,2026-02-09 00:00:00,23.31,Withdrawal,Completed
TX_11000,USR_1151,2026-01-13 11:00:00,71.23,Autosave Deposit,Completed
TX_11001,USR_1151,2026-01-14 13:00:00,171.79,Autosave Deposit,Completed
TX_11002,USR_1151,2026-01-13 15:00:00,187.79,Autosave Deposit,Completed
TX_11003,USR_1151,2026-01-13 03:00:00,216.09,Autosave Deposit,Completed
TX_11004,USR_1151,2026-01-13 16:00:00,21.04,Manual Deposit,Completed
TX_11005,USR_1151,2026-01-14 01:00:00,230.85,Autosave Deposit,Completed
TX_11006,USR_1151,2026-01-13 03:00:00,142.69,Withdrawal,Completed
TX_11007,USR_1151,2026-01-15 00:00:00,167.37,Autosave Deposit,Completed
TX_11008,USR_1152,2026-01-24 03:00:00,229.81,Manual Deposit,Completed
TX_11009,USR_1152,2026-01-23 18:00:00,208.24,Withdrawal,Completed
TX_11010,USR_1152,2026-01-24 00:00:00,38.66,Withdrawal,Completed
TX_11011,USR_1152,2026-01-23 04:00:00,53.04,Withdrawal,Completed
TX_11012,USR_1152,2026-01-23 03:00:00,238.98,Autosave Deposit,Completed
TX_11013,USR_1152,2026-01-24 06:00:00,217.85,Manual Deposit,Completed
TX_11014,USR_1153,2026-01-16 12:00:00,119.62,Manual Deposit,Completed
TX_11015,USR_1153,2026-01-15 13:00:00,79.98,Manual Deposit,Completed
TX_11016,USR_1153,2026-01-17 00:00:00,159.45,Manual Deposit,Completed
TX_11017,USR_1153,2026-01-16 00:00:00,152.01,Manual Deposit,Completed
TX_11018,USR_1154,2026-01-20 10:00:00,11.53,Manual Deposit,Completed
TX_11019,USR_1154,2026-01-20 02:00:00,65.92,Manual Deposit,Completed
TX_11020,USR_1154,2026-01-21 17:00:00,211.5,Autosave Deposit,Completed
TX_11021,USR_1154,2026-01-20 22:00:00,10.35,Withdrawal,Completed
TX_11022,USR_1154,2026-01-21 01:00:00,213.76,Withdrawal,Completed
TX_11023,USR_1154,2026-01-20 20:00:00,34.95,Withdrawal,Completed
TX_11024,USR_1155,2026-02-22 08:00:00,240.68,Autosave Deposit,Completed
TX_11025,USR_1155,2026-02-22 22:00:00,77.16,Autosave Deposit,Completed
TX_11026,USR_1155,2026-02-21 15:00:00,225.35,Withdrawal,Completed
TX_11027,USR_1155,2026-02-22 03:00:00,178.2,Manual Deposit,Completed
TX_11028,USR_1155,2026-02-22 06:00:00,243.89,Autosave Deposit,Completed
TX_11029,USR_1155,2026-02-22 14:00:00,32.94,Autosave Deposit,Completed
TX_11030,USR_1155,2026-02-22 17:00:00,206.79,Autosave Deposit,Completed
TX_11031,USR_1155,2026-02-22 14:00:00,146.28,Manual Deposit,Completed
TX_11032,USR_1155,2026-02-22 19:00:00,241.41,Autosave Deposit,Completed
TX_11033,USR_1156,2026-02-10 21:00:00,232.25,Manual Deposit,Completed
TX_11034,USR_1156,2026-02-11 21:00:00,209.66,Manual Deposit,Completed
TX_11035,USR_1156,2026-02-10 21:00:00,118.66,Autosave Deposit,Completed
TX_11036,USR_1156,2026-02-10 05:00:00,236.45,Autosave Deposit,Completed
TX_11037,USR_1156,2026-02-11 14:00:00,36.15,Autosave Deposit,Completed
TX_11038,USR_1156,2026-02-10 11:00:00,117.9,Manual Deposit,Completed
TX_11039,USR_1156,2026-02-11 03:00:00,38.98,Manual Deposit,Completed
TX_11040,USR_1157,2026-02-08 20:00:00,121.2,Autosave Deposit,Completed
TX_11041,USR_1157,2026-02-08 06:00:00,47.83,Withdrawal,Completed
TX_11042,USR_1157,2026-02-08 20:00:00,208.33,Withdrawal,Completed
TX_11043,USR_1157,2026-02-09 15:00:00,19.68,Manual Deposit,Completed
TX_11044,USR_1157,2026-02-08 10:00:00,31.89,Autosave Deposit,Completed
TX_11045,USR_1157,2026-02-08 23:00:00,105.1,Autosave Deposit,Completed
TX_11046,USR_1157,2026-02-09 20:00:00,81.72,Autosave Deposit,Completed
TX_11047,USR_1157,2026-02-08 02:00:00,238.5,Manual Deposit,Completed
TX_11048,USR_1157,2026-02-09 12:00:00,189.54,Autosave Deposit,Completed
TX_11049,USR_1157,2026-02-08 07:00:00,120.89,Autosave Deposit,Completed
TX_11050,USR_1158,2026-01-19 04:00:00,209.29,Autosave Deposit,Completed
TX_11051,USR_1158,2026-01-19 09:00:00,57.55,Manual Deposit,Completed
TX_11052,USR_1158,2026-01-20 00:00:00,174.71,Withdrawal,Completed
TX_11053,USR_1159,2026-02-19 05:00:00,15.23,Autosave Deposit,Completed
TX_11054,USR_1159,2026-02-19 13:00:00,226.6,Manual Deposit,Completed
TX_11055,USR_1159,2026-02-19 09:00:00,32.07,Manual Deposit,Completed
TX_11056,USR_1159,2026-02-19 08:00:00,20.25,Manual Deposit,Completed
TX_11057,USR_1159,2026-02-19 04:00:00,50.32,Withdrawal,Completed
TX_11058,USR_1159,2026-02-20 04:00:00,207.2,Manual Deposit,Completed
TX_11059,USR_1159,2026-02-20 08:00:00,17.08,Withdrawal,Completed
TX_11060,USR_1160,2026-02-14 23:00:00,61.53,Autosave Deposit,Completed
TX_11061,USR_1160,2026-02-14 18:00:00,77.17,Autosave Deposit,Completed
TX_11062,USR_1160,2026-02-14 03:00:00,157.39,Withdrawal,Completed
TX_11063,USR_1160,2026-02-14 16:00:00,165.35,Manual Deposit,Completed
TX_11064,USR_1160,2026-02-15 03:00:00,221.87,Manual Deposit,Completed
TX_11065,USR_1161,2026-01-29 18:00:00,101.92,Manual Deposit,Completed
TX_11066,USR_1161,2026-01-29 13:00:00,164.24,Withdrawal,Completed
TX_11067,USR_1161,2026-01-29 16:00:00,161.38,Withdrawal,Completed
TX_11068,USR_1161,2026-01-29 02:00:00,247.46,Withdrawal,Completed
TX_11069,USR_1162,2026-03-06 11:00:00,197.54,Manual Deposit,Completed
TX_11070,USR_1162,2026-03-06 13:00:00,130.57,Manual Deposit,Completed
TX_11071,USR_1162,2026-03-05 18:00:00,53.16,Manual Deposit,Completed
TX_11072,USR_1162,2026-03-06 15:00:00,62.56,Manual Deposit,Completed
TX_11073,USR_1162,2026-03-05 04:00:00,204.08,Manual Deposit,Completed
TX_11074,USR_1162,2026-03-06 10:00:00,95.78,Withdrawal,Completed
TX_11075,USR_1162,2026-03-05 15:00:00,243.76,Autosave Deposit,Completed
TX_11076,USR_1162,2026-03-05 16:00:00,167.65,Manual Deposit,Completed
TX_11077,USR_1162,2026-03-06 11:00:00,205.91,Withdrawal,Completed
TX_11078,USR_1162,2026-03-05 04:00:00,193.37,Autosave Deposit,Completed
TX_11079,USR_1163,2026-02-17 23:00:00,234.45,Autosave Deposit,Completed
TX_11080,USR_1163,2026-02-17 12:00:00,66.77,Manual Deposit,Completed
TX_11081,USR_1163,2026-02-19 00:00:00,177.43,Withdrawal,Completed
TX_11082,USR_1163,2026-02-17 02:00:00,178.83,Manual Deposit,Completed
TX_11083,USR_1163,2026-02-18 13:00:00,145.27,Withdrawal,Completed
TX_11084,USR_1163,2026-02-17 13:00:00,210.81,Manual Deposit,Completed
TX_11085,USR_1163,2026-02-18 11:00:00,84.17,Manual Deposit,Completed
TX_11086,USR_1163,2026-02-17 03:00:00,31.66,Autosave Deposit,Completed
TX_11087,USR_1163,2026-02-18 15:00:00,62.51,Withdrawal,Completed
TX_11088,USR_1164,2026-02-03 22:00:00,230.3,Autosave Deposit,Completed
TX_11089,USR_1164,2026-02-03 09:00:00,91.78,Autosave Deposit,Completed
TX_11090,USR_1164,2026-02-03 21:00:00,24.29,Autosave Deposit,Completed
TX_11091,USR_1165,2026-02-03 08:00:00,213.16,Manual Deposit,Completed
TX_11092,USR_1165,2026-02-03 05:00:00,99.66,Withdrawal,Completed
TX_11093,USR_1165,2026-02-04 02:00:00,150.64,Manual Deposit,Completed
TX_11094,USR_1165,2026-02-03 20:00:00,87.42,Autosave Deposit,Completed
TX_11095,USR_1165,2026-02-04 23:00:00,237.69,Withdrawal,Completed
TX_11096,USR_1166,2026-01-23 12:00:00,179.72,Withdrawal,Completed
TX_11097,USR_1166,2026-01-24 21:00:00,223.5,Withdrawal,Completed
TX_11098,USR_1166,2026-01-23 23:00:00,63.58,Withdrawal,Completed
TX_11099,USR_1166,2026-01-23 12:00:00,100.81,Withdrawal,Completed
TX_11100,USR_1166,2026-01-24 21:00:00,80.68,Autosave Deposit,Completed
TX_11101,USR_1166,2026-01-24 23:00:00,10.43,Withdrawal,Completed
TX_11102,USR_1166,2026-01-24 13:00:00,103.98,Withdrawal,Completed
TX_11103,USR_1166,2026-01-23 03:00:00,53.7,Manual Deposit,Completed
TX_11104,USR_1167,2026-01-20 17:00:00,145.73,Manual Deposit,Completed
TX_11105,USR_1167,2026-01-19 10:00:00,89.48,Autosave Deposit,Completed
TX_11106,USR_1167,2026-01-19 16:00:00,93.23,Manual Deposit,Completed
TX_11107,USR_1167,2026-01-19 11:00:00,162.68,Autosave Deposit,Completed
TX_11108,USR_1167,2026-01-20 22:00:00,170.81,Withdrawal,Completed
TX_11109,USR_1167,2026-01-19 22:00:00,117.19,Manual Deposit,Completed
TX_11110,USR_1168,2026-02-07 21:00:00,26.27,Manual Deposit,Completed
TX_11111,USR_1168,2026-02-06 07:00:00,182.9,Autosave Deposit,Completed
TX_11112,USR_1168,2026-02-07 01:00:00,115.17,Manual Deposit,Completed
TX_11113,USR_1168,2026-02-06 11:00:00,222.29,Manual Deposit,Completed
TX_11114,USR_1168,2026-02-07 01:00:00,94.3,Manual Deposit,Completed
TX_11115,USR_1168,2026-02-06 07:00:00,208.91,Withdrawal,Completed
TX_11116,USR_1169,2026-02-06 05:00:00,27.69,Autosave Deposit,Completed
TX_11117,USR_1169,2026-02-05 19:00:00,14.82,Manual Deposit,Completed
TX_11118,USR_1169,2026-02-05 07:00:00,27.81,Autosave Deposit,Completed
TX_11119,USR_1169,2026-02-06 01:00:00,48.62,Autosave Deposit,Completed
TX_11120,USR_1169,2026-02-06 12:00:00,236.04,Autosave Deposit,Completed
TX_11121,USR_1170,2026-01-13 22:00:00,17.44,Withdrawal,Completed
TX_11122,USR_1170,2026-01-12 11:00:00,155.76,Manual Deposit,Completed
TX_11123,USR_1170,2026-01-12 11:00:00,22.85,Manual Deposit,Completed
TX_11124,USR_1170,2026-01-12 14:00:00,243.86,Manual Deposit,Completed
TX_11125,USR_1170,2026-01-13 21:00:00,142.99,Withdrawal,Completed
TX_11126,USR_1170,2026-01-13 11:00:00,73.66,Manual Deposit,Completed
TX_11127,USR_1170,2026-01-12 20:00:00,67.01,Autosave Deposit,Completed
TX_11128,USR_1170,2026-01-13 02:00:00,147.22,Manual Deposit,Completed
TX_11129,USR_1170,2026-01-12 10:00:00,23.08,Autosave Deposit,Completed
TX_11130,USR_1170,2026-01-13 04:00:00,31.03,Withdrawal,Completed
TX_11131,USR_1171,2026-02-28 13:00:00,33.28,Autosave Deposit,Completed
TX_11132,USR_1171,2026-02-28 11:00:00,163.17,Autosave Deposit,Completed
TX_11133,USR_1171,2026-03-01 07:00:00,212.5,Manual Deposit,Completed
TX_11134,USR_1171,2026-03-01 02:00:00,123.03,Withdrawal,Completed
TX_11135,USR_1171,2026-02-28 17:00:00,31.87,Withdrawal,Completed
TX_11136,USR_1171,2026-03-01 01:00:00,54.37,Manual Deposit,Completed
TX_11137,USR_1171,2026-03-01 00:00:00,54.78,Autosave Deposit,Completed
TX_11138,USR_1171,2026-02-28 17:00:00,115.54,Manual Deposit,Completed
TX_11139,USR_1171,2026-02-28 15:00:00,210.9,Withdrawal,Completed
TX_11140,USR_1171,2026-02-28 04:00:00,46.27,Withdrawal,Completed
TX_11141,USR_1172,2026-01-07 19:00:00,92.51,Withdrawal,Completed
TX_11142,USR_1172,2026-01-07 03:00:00,242.97,Withdrawal,Completed
TX_11143,USR_1172,2026-01-06 15:00:00,142.86,Manual Deposit,Completed
TX_11144,USR_1172,2026-01-07 10:00:00,110.47,Withdrawal,Completed
TX_11145,USR_1173,2026-03-06 07:00:00,81.72,Manual Deposit,Completed
TX_11146,USR_1173,2026-03-06 22:00:00,18.33,Withdrawal,Completed
TX_11147,USR_1173,2026-03-06 10:00:00,202.11,Withdrawal,Completed
TX_11148,USR_1173,2026-03-06 16:00:00,45.39,Manual Deposit,Completed
TX_11149,USR_1173,2026-03-05 12:00:00,237.77,Autosave Deposit,Completed
TX_11150,USR_1173,2026-03-05 14:00:00,204.03,Autosave Deposit,Completed
TX_11151,USR_1174,2026-01-09 06:00:00,247.19,Manual Deposit,Completed
TX_11152,USR_1174,2026-01-09 13:00:00,249.34,Withdrawal,Completed
TX_11153,USR_1174,2026-01-09 10:00:00,210.19,Manual Deposit,Completed
TX_11154,USR_1174,2026-01-09 21:00:00,228.59,Autosave Deposit,Completed
TX_11155,USR_1174,2026-01-09 06:00:00,103.14,Manual Deposit,Completed
TX_11156,USR_1174,2026-01-10 12:00:00,88.27,Manual Deposit,Completed
TX_11157,USR_1174,2026-01-10 10:00:00,119.96,Autosave Deposit,Completed
TX_11158,USR_1174,2026-01-10 21:00:00,159.53,Withdrawal,Completed
TX_11159,USR_1174,2026-01-10 03:00:00,37.0,Autosave Deposit,Completed
TX_11160,USR_1175,2026-01-13 07:00:00,145.04,Autosave Deposit,Completed
TX_11161,USR_1175,2026-01-13 19:00:00,218.19,Manual Deposit,Completed
TX_11162,USR_1175,2026-01-14 03:00:00,73.39,Withdrawal,Completed
TX_11163,USR_1175,2026-01-14 08:00:00,147.29,Manual Deposit,Completed
TX_11164,USR_1176,2026-02-11 18:00:00,106.71,Withdrawal,Completed
TX_11165,USR_1176,2026-02-12 15:00:00,173.4,Manual Deposit,Completed
TX_11166,USR_1176,2026-02-11 03:00:00,104.99,Manual Deposit,Completed
TX_11167,USR_1176,2026-02-12 21:00:00,67.02,Withdrawal,Completed
TX_11168,USR_1176,2026-02-12 07:00:00,231.0,Manual Deposit,Completed
TX_11169,USR_1177,2026-01-12 20:00:00,84.63,Manual Deposit,Completed
TX_11170,USR_1177,2026-01-13 21:00:00,174.36,Autosave Deposit,Completed
TX_11171,USR_1177,2026-01-12 09:00:00,82.12,Withdrawal,Completed
TX_11172,USR_1177,2026-01-13 05:00:00,195.77,Manual Deposit,Completed
TX_11173,USR_1177,2026-01-12 18:00:00,184.91,Withdrawal,Completed
TX_11174,USR_1177,2026-01-13 18:00:00,31.43,Manual Deposit,Completed
TX_11175,USR_1177,2026-01-12 14:00:00,229.22,Manual Deposit,Completed
TX_11176,USR_1177,2026-01-14 00:00:00,126.27,Withdrawal,Completed
TX_11177,USR_1178,2026-02-27 09:00:00,199.96,Autosave Deposit,Completed
TX_11178,USR_1178,2026-02-26 20:00:00,180.3,Manual Deposit,Completed
TX_11179,USR_1178,2026-02-26 09:00:00,197.32,Withdrawal,Completed
TX_11180,USR_1179,2026-02-23 12:00:00,56.26,Autosave Deposit,Completed
TX_11181,USR_1179,2026-02-23 04:00:00,69.88,Manual Deposit,Completed
TX_11182,USR_1179,2026-02-23 04:00:00,230.33,Withdrawal,Completed
TX_11183,USR_1180,2026-02-02 00:00:00,207.64,Withdrawal,Completed
TX_11184,USR_1180,2026-02-02 02:00:00,162.5,Autosave Deposit,Completed
TX_11185,USR_1180,2026-02-02 20:00:00,17.34,Manual Deposit,Completed
TX_11186,USR_1180,2026-02-02 08:00:00,152.57,Autosave Deposit,Completed
TX_11187,USR_1180,2026-02-02 07:00:00,150.85,Manual Deposit,Completed
TX_11188,USR_1180,2026-02-01 23:00:00,49.24,Manual Deposit,Completed
TX_11189,USR_1180,2026-02-03 00:00:00,209.41,Autosave Deposit,Completed
TX_11190,USR_1181,2026-02-14 01:00:00,21.92,Withdrawal,Completed
TX_11191,USR_1181,2026-02-13 14:00:00,215.71,Withdrawal,Completed
TX_11192,USR_1181,2026-02-13 15:00:00,172.65,Manual Deposit,Completed
TX_11193,USR_1182,2026-01-13 20:00:00,12.14,Autosave Deposit,Completed
TX_11194,USR_1182,2026-01-13 18:00:00,51.57,Autosave Deposit,Completed
TX_11195,USR_1182,2026-01-12 15:00:00,70.57,Manual Deposit,Completed
TX_11196,USR_1183,2026-01-31 01:00:00,214.38,Manual Deposit,Completed
TX_11197,USR_1183,2026-01-30 17:00:00,62.37,Manual Deposit,Completed
TX_11198,USR_1183,2026-01-31 20:00:00,134.95,Withdrawal,Completed
TX_11199,USR_1183,2026-01-31 02:00:00,150.28,Autosave Deposit,Completed
TX_11200,USR_1183,2026-01-31 09:00:00,249.86,Manual Deposit,Completed
TX_11201,USR_1183,2026-01-31 12:00:00,165.36,Withdrawal,Completed
TX_11202,USR_1183,2026-01-30 19:00:00,81.63,Autosave Deposit,Completed
TX_11203,USR_1183,2026-01-31 07:00:00,25.32,Manual Deposit,Completed
TX_11204,USR_1183,2026-01-31 17:00:00,88.03,Manual Deposit,Completed
TX_11205,USR_1184,2026-01-30 13:00:00,45.98,Autosave Deposit,Completed
TX_11206,USR_1184,2026-01-30 04:00:00,203.3,Withdrawal,Completed
TX_11207,USR_1184,2026-01-31 02:00:00,168.53,Withdrawal,Completed
TX_11208,USR_1184,2026-01-30 09:00:00,183.11,Withdrawal,Completed
TX_11209,USR_1184,2026-01-31 08:00:00,249.39,Manual Deposit,Completed
TX_11210,USR_1184,2026-01-31 03:00:00,107.1,Withdrawal,Completed
TX_11211,USR_1184,2026-01-30 03:00:00,149.93,Withdrawal,Completed
TX_11212,USR_1185,2026-02-13 23:00:00,181.21,Withdrawal,Completed
TX_11213,USR_1185,2026-02-13 11:00:00,163.2,Manual Deposit,Completed
TX_11214,USR_1185,2026-02-13 19:00:00,96.04,Manual Deposit,Completed
TX_11215,USR_1185,2026-02-12 11:00:00,211.75,Withdrawal,Completed
TX_11216,USR_1185,2026-02-12 12:00:00,80.51,Manual Deposit,Completed
TX_11217,USR_1185,2026-02-12 09:00:00,187.82,Withdrawal,Completed
TX_11218,USR_1185,2026-02-13 12:00:00,193.1,Autosave Deposit,Completed
TX_11219,USR_1185,2026-02-13 20:00:00,225.9,Withdrawal,Completed
TX_11220,USR_1186,2026-02-01 23:00:00,63.6,Manual Deposit,Completed
TX_11221,USR_1186,2026-02-02 03:00:00,199.14,Manual Deposit,Completed
TX_11222,USR_1186,2026-02-02 00:00:00,72.53,Manual Deposit,Completed
TX_11223,USR_1186,2026-02-02 06:00:00,214.29,Manual Deposit,Completed
TX_11224,USR_1186,2026-02-01 04:00:00,217.93,Withdrawal,Completed
TX_11225,USR_1186,2026-02-02 14:00:00,236.63,Autosave Deposit,Completed
TX_11226,USR_1187,2026-02-12 09:00:00,38.76,Withdrawal,Completed
TX_11227,USR_1187,2026-02-12 01:00:00,137.16,Manual Deposit,Completed
TX_11228,USR_1187,2026-02-11 04:00:00,219.0,Autosave Deposit,Completed
TX_11229,USR_1187,2026-02-11 09:00:00,248.16,Manual Deposit,Completed
TX_11230,USR_1187,2026-02-12 03:00:00,246.93,Manual Deposit,Completed
TX_11231,USR_1187,2026-02-11 10:00:00,85.93,Withdrawal,Completed
TX_11232,USR_1188,2026-01-21 08:00:00,89.83,Autosave Deposit,Completed
TX_11233,USR_1188,2026-01-20 21:00:00,162.28,Autosave Deposit,Completed
TX_11234,USR_1188,2026-01-21 05:00:00,75.65,Autosave Deposit,Completed
TX_11235,USR_1188,2026-01-21 13:00:00,193.48,Manual Deposit,Completed
TX_11236,USR_1189,2026-02-08 16:00:00,114.09,Manual Deposit,Completed
TX_11237,USR_1189,2026-02-08 02:00:00,112.97,Manual Deposit,Completed
TX_11238,USR_1189,2026-02-08 01:00:00,11.12,Withdrawal,Completed
TX_11239,USR_1189,2026-02-07 13:00:00,185.36,Autosave Deposit,Completed
TX_11240,USR_1189,2026-02-07 21:00:00,191.64,Withdrawal,Completed
TX_11241,USR_1190,2026-03-02 20:00:00,10.99,Withdrawal,Completed
TX_11242,USR_1190,2026-03-01 16:00:00,64.3,Manual Deposit,Completed
TX_11243,USR_1190,2026-03-01 20:00:00,40.94,Manual Deposit,Completed
TX_11244,USR_1191,2026-03-11 11:00:00,25.67,Autosave Deposit,Completed
TX_11245,USR_1191,2026-03-11 20:00:00,237.63,Manual Deposit,Completed
TX_11246,USR_1191,2026-03-12 23:00:00,134.87,Withdrawal,Completed
TX_11247,USR_1191,2026-03-11 22:00:00,114.08,Withdrawal,Completed
TX_11248,USR_1191,2026-03-11 09:00:00,92.26,Manual Deposit,Completed
TX_11249,USR_1191,2026-03-11 23:00:00,190.03,Autosave Deposit,Completed
TX_11250,USR_1191,2026-03-12 02:00:00,14.59,Autosave Deposit,Completed
TX_11251,USR_1192,2026-01-05 23:00:00,15.26,Withdrawal,Completed
TX_11252,USR_1192,2026-01-04 11:00:00,39.56,Withdrawal,Completed
TX_11253,USR_1192,2026-01-05 18:00:00,200.11,Manual Deposit,Completed
TX_11254,USR_1192,2026-01-05 17:00:00,71.39,Withdrawal,Completed
TX_11255,USR_1192,2026-01-05 16:00:00,21.66,Autosave Deposit,Completed
TX_11256,USR_1192,2026-01-05 19:00:00,35.95,Autosave Deposit,Completed
TX_11257,USR_1193,2026-02-15 03:00:00,116.64,Autosave Deposit,Completed
TX_11258,USR_1193,2026-02-15 12:00:00,70.66,Withdrawal,Completed
TX_11259,USR_1193,2026-02-14 10:00:00,59.32,Withdrawal,Completed
TX_11260,USR_1193,2026-02-15 17:00:00,12.23,Manual Deposit,Completed
TX_11261,USR_1194,2026-02-19 16:00:00,155.35,Autosave Deposit,Completed
TX_11262,USR_1194,2026-02-19 03:00:00,209.36,Autosave Deposit,Completed
TX_11263,USR_1194,2026-02-19 09:00:00,182.5,Autosave Deposit,Completed
TX_11264,USR_1194,2026-02-18 19:00:00,37.36,Autosave Deposit,Completed
TX_11265,USR_1194,2026-02-19 08:00:00,57.68,Autosave Deposit,Completed
TX_11266,USR_1194,2026-02-18 17:00:00,209.56,Autosave Deposit,Completed
TX_11267,USR_1194,2026-02-18 23:00:00,178.82,Manual Deposit,Completed
TX_11268,USR_1195,2026-01-12 12:00:00,129.13,Autosave Deposit,Completed
TX_11269,USR_1195,2026-01-12 21:00:00,233.95,Manual Deposit,Completed
TX_11270,USR_1195,2026-01-11 16:00:00,10.66,Withdrawal,Completed
TX_11271,USR_1196,2026-02-16 13:00:00,170.57,Autosave Deposit,Completed
TX_11272,USR_1196,2026-02-15 06:00:00,197.09,Autosave Deposit,Completed
TX_11273,USR_1196,2026-02-16 23:00:00,183.66,Manual Deposit,Completed
TX_11274,USR_1196,2026-02-16 18:00:00,65.48,Manual Deposit,Completed
TX_11275,USR_1197,2026-03-03 04:00:00,33.95,Autosave Deposit,Completed
TX_11276,USR_1197,2026-03-03 03:00:00,214.54,Manual Deposit,Completed
TX_11277,USR_1197,2026-03-04 20:00:00,85.05,Withdrawal,Completed
TX_11278,USR_1197,2026-03-03 08:00:00,32.8,Autosave Deposit,Completed
TX_11279,USR_1197,2026-03-03 01:00:00,214.48,Withdrawal,Completed
TX_11280,USR_1197,2026-03-04 18:00:00,50.92,Manual Deposit,Completed
TX_11281,USR_1197,2026-03-04 05:00:00,239.22,Manual Deposit,Completed
TX_11282,USR_1197,2026-03-04 23:00:00,32.31,Manual Deposit,Completed
TX_11283,USR_1197,2026-03-03 12:00:00,37.32,Manual Deposit,Completed
TX_11284,USR_1197,2026-03-04 06:00:00,75.24,Manual Deposit,Completed
TX_11285,USR_1198,2026-02-13 18:00:00,222.67,Autosave Deposit,Completed
TX_11286,USR_1198,2026-02-12 08:00:00,41.8,Withdrawal,Completed
TX_11287,USR_1198,2026-02-12 04:00:00,245.58,Autosave Deposit,Completed
TX_11288,USR_1198,2026-02-12 07:00:00,109.85,Withdrawal,Completed
TX_11289,USR_1198,2026-02-13 07:00:00,202.54,Withdrawal,Completed
TX_11290,USR_1198,2026-02-13 05:00:00,53.5,Manual Deposit,Completed
TX_11291,USR_1198,2026-02-12 23:00:00,156.73,Withdrawal,Completed
TX_11292,USR_1198,2026-02-13 23:00:00,243.63,Autosave Deposit,Completed
TX_11293,USR_1198,2026-02-13 07:00:00,230.9,Autosave Deposit,Completed
TX_11294,USR_1199,2026-02-25 03:00:00,25.2,Withdrawal,Completed
TX_11295,USR_1199,2026-02-25 21:00:00,12.97,Withdrawal,Completed
TX_11296,USR_1199,2026-02-26 10:00:00,194.21,Withdrawal,Completed
TX_11297,USR_1199,2026-02-26 23:00:00,145.6,Withdrawal,Completed
TX_11298,USR_1199,2026-02-25 22:00:00,134.58,Withdrawal,Completed
TX_11299,USR_1199,2026-02-26 21:00:00,158.38,Manual Deposit,Completed
TX_11300,USR_1199,2026-02-26 19:00:00,184.4,Manual Deposit,Completed
TX_11301,USR_1199,2026-02-25 23:00:00,169.29,Withdrawal,Completed
TX_11302,USR_1199,2026-02-26 01:00:00,45.68,Withdrawal,Completed
TX_11303,USR_1199,2026-02-26 16:00:00,23.1,Withdrawal,Completed
TX_11304,USR_1005,2026-02-10 14:00:00,7500.0,Manual Deposit,Completed
TX_11306,USR_1005,2026-02-10 14:06:00,7500.0,Withdrawal,Completed
TX_11307,USR_1012,2026-02-15 09:00:00,95.0,Manual Deposit,Completed
TX_11308,USR_1012,2026-02-15 09:04:00,95.0,Manual Deposit,Completed
TX_11309,USR_1012,2026-02-15 09:08:00,95.0,Manual Deposit,Completed
TX_11310,USR_1012,2026-02-15 09:12:00,95.0,Manual Deposit,Completed
TX_11311,USR_1012,2026-02-15 09:16:00,95.0,Manual Deposit,Completed
TX_11312,USR_1012,2026-02-15 09:20:00,95.0,Manual Deposit,Completed
TX_11313,USR_1012,2026-02-15 09:24:00,95.0,Manual Deposit,Completed
TX_11314,USR_1012,2026-02-15 09:28:00,95.0,Manual Deposit,Completed
TX_11315,USR_1012,2026-02-15 09:32:00,95.0,Manual Deposit,Completed
TX_11316,USR_1012,2026-02-15 09:36:00,95.0,Manual Deposit,Completed
TX_11317,USR_1012,2026-02-15 09:40:00,95.0,Manual Deposit,Completed
TX_11318,USR_1012,2026-02-15 09:44:00,95.0,Manual Deposit,Completed
TX_11319,USR_1040,2026-02-18 11:00:00,12500.0,Manual Deposit,Completed
